[{"model": "admin.logentry", "pk": 1, "fields": {"action_time": "2021-04-15T11:20:42.886Z", "user": 1, "content_type": 8, "object_id": "1", "object_repr": "jess.erhabor@gmail.com", "action_flag": 1, "change_message": "[{\"added\": {}}]"}}, {"model": "admin.logentry", "pk": 2, "fields": {"action_time": "2021-04-15T12:07:37.273Z", "user": 1, "content_type": 13, "object_id": "1", "object_repr": "11+ Workbooks", "action_flag": 1, "change_message": "[{\"added\": {}}]"}}, {"model": "admin.logentry", "pk": 3, "fields": {"action_time": "2021-04-15T12:07:56.042Z", "user": 1, "content_type": 13, "object_id": "2", "object_repr": "ks2-workbooks", "action_flag": 1, "change_message": "[{\"added\": {}}]"}}, {"model": "admin.logentry", "pk": 4, "fields": {"action_time": "2021-04-15T12:08:21.864Z", "user": 1, "content_type": 13, "object_id": "1", "object_repr": "11plus-workbooks", "action_flag": 2, "change_message": "[{\"changed\": {\"fields\": [\"Name\", \"Shop name\"]}}]"}}, {"model": "admin.logentry", "pk": 5, "fields": {"action_time": "2021-04-15T12:15:42.398Z", "user": 1, "content_type": 14, "object_id": "1", "object_repr": "11+ English Workbook", "action_flag": 1, "change_message": "[{\"added\": {}}]"}}, {"model": "admin.logentry", "pk": 6, "fields": {"action_time": "2021-04-15T12:17:26.778Z", "user": 1, "content_type": 14, "object_id": "1", "object_repr": "11+ English Workbook", "action_flag": 2, "change_message": "[{\"changed\": {\"fields\": [\"Image url\"]}}]"}}, {"model": "admin.logentry", "pk": 7, "fields": {"action_time": "2021-04-15T12:39:37.010Z", "user": 1, "content_type": 14, "object_id": "1", "object_repr": "11+ English Workbook", "action_flag": 2, "change_message": "[{\"changed\": {\"fields\": [\"Image\"]}}]"}}, {"model": "admin.logentry", "pk": 8, "fields": {"action_time": "2021-04-15T13:44:36.373Z", "user": 1, "content_type": 13, "object_id": "3", "object_repr": "gcse-workbooks", "action_flag": 1, "change_message": "[{\"added\": {}}]"}}, {"model": "admin.logentry", "pk": 9, "fields": {"action_time": "2021-04-15T13:44:51.613Z", "user": 1, "content_type": 13, "object_id": "4", "object_repr": "a-level-workbooks", "action_flag": 1, "change_message": "[{\"added\": {}}]"}}, {"model": "admin.logentry", "pk": 10, "fields": {"action_time": "2021-04-15T13:45:24.787Z", "user": 1, "content_type": 13, "object_id": "5", "object_repr": "stationery", "action_flag": 1, "change_message": "[{\"added\": {}}]"}}, {"model": "admin.logentry", "pk": 11, "fields": {"action_time": "2021-04-15T13:48:50.542Z", "user": 1, "content_type": 14, "object_id": "2", "object_repr": "11+ Mathematics Workbook", "action_flag": 1, "change_message": "[{\"added\": {}}]"}}, {"model": "admin.logentry", "pk": 12, "fields": {"action_time": "2021-04-15T13:49:24.354Z", "user": 1, "content_type": 14, "object_id": "2", "object_repr": "11+ Mathematics Workbook", "action_flag": 2, "change_message": "[{\"changed\": {\"fields\": [\"Image url\"]}}]"}}, {"model": "admin.logentry", "pk": 13, "fields": {"action_time": "2021-04-15T13:49:44.477Z", "user": 1, "content_type": 14, "object_id": "1", "object_repr": "11+ English Workbook", "action_flag": 2, "change_message": "[{\"changed\": {\"fields\": [\"Image\"]}}]"}}, {"model": "admin.logentry", "pk": 14, "fields": {"action_time": "2021-04-15T13:49:52.386Z", "user": 1, "content_type": 14, "object_id": "1", "object_repr": "11+ English Workbook", "action_flag": 2, "change_message": "[{\"changed\": {\"fields\": [\"Image\"]}}]"}}, {"model": "admin.logentry", "pk": 15, "fields": {"action_time": "2021-04-15T14:32:06.636Z", "user": 1, "content_type": 14, "object_id": "1", "object_repr": "11+ English Workbook", "action_flag": 2, "change_message": "[]"}}, {"model": "admin.logentry", "pk": 16, "fields": {"action_time": "2021-04-15T16:58:47.528Z", "user": 1, "content_type": 14, "object_id": "2", "object_repr": "11+ Mathematics Workbook", "action_flag": 3, "change_message": ""}}, {"model": "admin.logentry", "pk": 17, "fields": {"action_time": "2021-04-15T16:58:47.558Z", "user": 1, "content_type": 14, "object_id": "1", "object_repr": "11+ English Workbook", "action_flag": 3, "change_message": ""}}, {"model": "admin.logentry", "pk": 18, "fields": {"action_time": "2021-04-23T14:46:06.814Z", "user": 1, "content_type": 15, "object_id": "18", "object_repr": "CEA4EB07C014479FA9EC5771AD2E19C0", "action_flag": 2, "change_message": "[{\"changed\": {\"name\": \"each line order\", \"object\": \"11+ English Workbook on order CEA4EB07C014479FA9EC5771AD2E19C0\", \"fields\": [\"Quantity\"]}}]"}}, {"model": "admin.logentry", "pk": 19, "fields": {"action_time": "2021-04-23T14:46:15.085Z", "user": 1, "content_type": 15, "object_id": "18", "object_repr": "CEA4EB07C014479FA9EC5771AD2E19C0", "action_flag": 2, "change_message": "[{\"changed\": {\"name\": \"each line order\", \"object\": \"11+ English Workbook on order CEA4EB07C014479FA9EC5771AD2E19C0\", \"fields\": [\"Quantity\"]}}]"}}, {"model": "admin.logentry", "pk": 20, "fields": {"action_time": "2021-04-23T14:46:30.628Z", "user": 1, "content_type": 15, "object_id": "18", "object_repr": "CEA4EB07C014479FA9EC5771AD2E19C0", "action_flag": 3, "change_message": ""}}, {"model": "admin.logentry", "pk": 21, "fields": {"action_time": "2021-04-23T14:46:30.669Z", "user": 1, "content_type": 15, "object_id": "17", "object_repr": "8AD21A1FD8024ABBB86DDF847B3095A1", "action_flag": 3, "change_message": ""}}, {"model": "admin.logentry", "pk": 22, "fields": {"action_time": "2021-04-23T14:46:30.698Z", "user": 1, "content_type": 15, "object_id": "16", "object_repr": "C35976DE312D43ECA0AA2C93AA7F0A92", "action_flag": 3, "change_message": ""}}, {"model": "admin.logentry", "pk": 23, "fields": {"action_time": "2021-04-23T14:46:30.719Z", "user": 1, "content_type": 15, "object_id": "15", "object_repr": "CECFD01A419941039B3F5947E4D011C8", "action_flag": 3, "change_message": ""}}, {"model": "admin.logentry", "pk": 24, "fields": {"action_time": "2021-04-23T14:46:30.741Z", "user": 1, "content_type": 15, "object_id": "14", "object_repr": "882E9CC426F2497CAFF33A8B22E17B42", "action_flag": 3, "change_message": ""}}, {"model": "admin.logentry", "pk": 25, "fields": {"action_time": "2021-04-23T14:46:30.763Z", "user": 1, "content_type": 15, "object_id": "13", "object_repr": "BFB2B722CFC148C9BFFE3398CCA88456", "action_flag": 3, "change_message": ""}}, {"model": "admin.logentry", "pk": 26, "fields": {"action_time": "2021-04-23T14:46:30.785Z", "user": 1, "content_type": 15, "object_id": "12", "object_repr": "493BCB693BD54A2ABC24DCBEBC6C39A3", "action_flag": 3, "change_message": ""}}, {"model": "admin.logentry", "pk": 27, "fields": {"action_time": "2021-04-23T14:46:30.814Z", "user": 1, "content_type": 15, "object_id": "11", "object_repr": "E9E9A40FA904401C9DE76F73A1AD24A1", "action_flag": 3, "change_message": ""}}, {"model": "admin.logentry", "pk": 28, "fields": {"action_time": "2021-04-23T14:46:30.835Z", "user": 1, "content_type": 15, "object_id": "10", "object_repr": "562A4B3A340B47619F3EDA0AACC533C5", "action_flag": 3, "change_message": ""}}, {"model": "admin.logentry", "pk": 29, "fields": {"action_time": "2021-04-23T14:46:30.859Z", "user": 1, "content_type": 15, "object_id": "9", "object_repr": "34581451C2864DCB9155A9C1C7431962", "action_flag": 3, "change_message": ""}}, {"model": "admin.logentry", "pk": 30, "fields": {"action_time": "2021-04-23T14:46:30.881Z", "user": 1, "content_type": 15, "object_id": "8", "object_repr": "00F040FDF4544FD2A378D021F5FE621D", "action_flag": 3, "change_message": ""}}, {"model": "admin.logentry", "pk": 31, "fields": {"action_time": "2021-04-23T14:46:30.904Z", "user": 1, "content_type": 15, "object_id": "7", "object_repr": "A97267947B5D419ABA2C5FB9D1BDC0B8", "action_flag": 3, "change_message": ""}}, {"model": "admin.logentry", "pk": 32, "fields": {"action_time": "2021-04-23T14:46:30.934Z", "user": 1, "content_type": 15, "object_id": "6", "object_repr": "057C81F0A9BA408F92F7C59131A069EF", "action_flag": 3, "change_message": ""}}, {"model": "admin.logentry", "pk": 33, "fields": {"action_time": "2021-04-23T14:46:30.954Z", "user": 1, "content_type": 15, "object_id": "5", "object_repr": "BDFD56F820B3444896C1F5A156F94DEC", "action_flag": 3, "change_message": ""}}, {"model": "admin.logentry", "pk": 34, "fields": {"action_time": "2021-04-23T14:46:30.976Z", "user": 1, "content_type": 15, "object_id": "4", "object_repr": "3844E9183D334BE0B767FB4B62ED958C", "action_flag": 3, "change_message": ""}}, {"model": "admin.logentry", "pk": 35, "fields": {"action_time": "2021-04-23T14:46:30.999Z", "user": 1, "content_type": 15, "object_id": "3", "object_repr": "5E59839C3A8942B1B177F458AE5EC209", "action_flag": 3, "change_message": ""}}, {"model": "admin.logentry", "pk": 36, "fields": {"action_time": "2021-04-23T14:46:31.021Z", "user": 1, "content_type": 15, "object_id": "2", "object_repr": "CBFCC86D4E6541FCB7F472E9028C1B4C", "action_flag": 3, "change_message": ""}}, {"model": "admin.logentry", "pk": 37, "fields": {"action_time": "2021-04-23T14:46:31.044Z", "user": 1, "content_type": 15, "object_id": "1", "object_repr": "237544781D424A31BD80F54686558762", "action_flag": 3, "change_message": ""}}, {"model": "admin.logentry", "pk": 38, "fields": {"action_time": "2021-04-25T04:02:06.244Z", "user": 1, "content_type": 15, "object_id": "41", "object_repr": "9F94BECF6DF9467ABF5FB5ACE1A7D5CB", "action_flag": 3, "change_message": ""}}, {"model": "admin.logentry", "pk": 39, "fields": {"action_time": "2021-04-25T04:02:06.273Z", "user": 1, "content_type": 15, "object_id": "40", "object_repr": "6060F808753549F0905AD3E24157B43D", "action_flag": 3, "change_message": ""}}, {"model": "admin.logentry", "pk": 40, "fields": {"action_time": "2021-04-25T04:02:06.300Z", "user": 1, "content_type": 15, "object_id": "39", "object_repr": "E28EA67B4D334ADDBFE980A7288330E5", "action_flag": 3, "change_message": ""}}, {"model": "admin.logentry", "pk": 41, "fields": {"action_time": "2021-04-25T04:02:06.328Z", "user": 1, "content_type": 15, "object_id": "38", "object_repr": "39416D78003E4CD08D3D836C24BA8204", "action_flag": 3, "change_message": ""}}, {"model": "admin.logentry", "pk": 42, "fields": {"action_time": "2021-04-25T04:02:06.355Z", "user": 1, "content_type": 15, "object_id": "37", "object_repr": "FE1251DFBE4640A9A4CCC01698E170B4", "action_flag": 3, "change_message": ""}}, {"model": "admin.logentry", "pk": 43, "fields": {"action_time": "2021-04-25T04:02:06.381Z", "user": 1, "content_type": 15, "object_id": "36", "object_repr": "A54459E45D1E4E90896D9D624B173E86", "action_flag": 3, "change_message": ""}}, {"model": "admin.logentry", "pk": 44, "fields": {"action_time": "2021-04-25T04:02:06.406Z", "user": 1, "content_type": 15, "object_id": "35", "object_repr": "4F22C8CFD3F340509BB09CA5E6BAD29A", "action_flag": 3, "change_message": ""}}, {"model": "admin.logentry", "pk": 45, "fields": {"action_time": "2021-04-25T04:02:06.430Z", "user": 1, "content_type": 15, "object_id": "34", "object_repr": "FB9001A4E2F24DA7B5D6D2D032781A2A", "action_flag": 3, "change_message": ""}}, {"model": "admin.logentry", "pk": 46, "fields": {"action_time": "2021-04-25T04:02:06.454Z", "user": 1, "content_type": 15, "object_id": "33", "object_repr": "0A585442EB3C4025AC132AC57FAD0018", "action_flag": 3, "change_message": ""}}, {"model": "admin.logentry", "pk": 47, "fields": {"action_time": "2021-04-25T04:02:06.478Z", "user": 1, "content_type": 15, "object_id": "32", "object_repr": "95A1D8527D9049A7930C3B9594505B46", "action_flag": 3, "change_message": ""}}, {"model": "admin.logentry", "pk": 48, "fields": {"action_time": "2021-04-25T04:02:06.501Z", "user": 1, "content_type": 15, "object_id": "31", "object_repr": "EE6CF83799FB4193A4C76EFE59E4C470", "action_flag": 3, "change_message": ""}}, {"model": "admin.logentry", "pk": 49, "fields": {"action_time": "2021-04-25T04:02:06.524Z", "user": 1, "content_type": 15, "object_id": "30", "object_repr": "C094AC5EEB3D4BF99F879DB5488C02D8", "action_flag": 3, "change_message": ""}}, {"model": "admin.logentry", "pk": 50, "fields": {"action_time": "2021-04-25T04:02:06.548Z", "user": 1, "content_type": 15, "object_id": "29", "object_repr": "358E7F3B7AD5466EBC7964913A30E1B2", "action_flag": 3, "change_message": ""}}, {"model": "admin.logentry", "pk": 51, "fields": {"action_time": "2021-04-25T04:02:06.573Z", "user": 1, "content_type": 15, "object_id": "28", "object_repr": "BA39A7BAD5AC4A229C45C32111933920", "action_flag": 3, "change_message": ""}}, {"model": "admin.logentry", "pk": 52, "fields": {"action_time": "2021-04-25T04:02:06.596Z", "user": 1, "content_type": 15, "object_id": "27", "object_repr": "F1AC78EE0BEB42EFAEF4350364C077CC", "action_flag": 3, "change_message": ""}}, {"model": "admin.logentry", "pk": 53, "fields": {"action_time": "2021-04-25T04:02:06.620Z", "user": 1, "content_type": 15, "object_id": "26", "object_repr": "5E4238371F7F476D9F7C8EC2E24DDB40", "action_flag": 3, "change_message": ""}}, {"model": "admin.logentry", "pk": 54, "fields": {"action_time": "2021-04-25T04:02:06.646Z", "user": 1, "content_type": 15, "object_id": "25", "object_repr": "C1C204EAB6E149D3A4E56BA000D2DCEB", "action_flag": 3, "change_message": ""}}, {"model": "admin.logentry", "pk": 55, "fields": {"action_time": "2021-04-25T04:02:06.673Z", "user": 1, "content_type": 15, "object_id": "24", "object_repr": "23455EE0E95B42E38EB0692B7112579E", "action_flag": 3, "change_message": ""}}, {"model": "admin.logentry", "pk": 56, "fields": {"action_time": "2021-04-25T04:02:06.701Z", "user": 1, "content_type": 15, "object_id": "23", "object_repr": "50A1BEC0F91447CD80F603519A0AE99C", "action_flag": 3, "change_message": ""}}, {"model": "admin.logentry", "pk": 57, "fields": {"action_time": "2021-04-25T04:02:06.736Z", "user": 1, "content_type": 15, "object_id": "22", "object_repr": "D1AA9CD616C34D85AA5FB73BF46BA0FE", "action_flag": 3, "change_message": ""}}, {"model": "admin.logentry", "pk": 58, "fields": {"action_time": "2021-04-25T04:02:06.769Z", "user": 1, "content_type": 15, "object_id": "21", "object_repr": "735E4279144F49E69D3111BC502BC3CD", "action_flag": 3, "change_message": ""}}, {"model": "admin.logentry", "pk": 59, "fields": {"action_time": "2021-04-25T04:02:06.793Z", "user": 1, "content_type": 15, "object_id": "20", "object_repr": "489CCEEC798B4AF9AA762BB07BA56456", "action_flag": 3, "change_message": ""}}, {"model": "admin.logentry", "pk": 60, "fields": {"action_time": "2021-04-25T04:02:06.816Z", "user": 1, "content_type": 15, "object_id": "19", "object_repr": "BC41E54B85AE47FF819008FCC6B20E2A", "action_flag": 3, "change_message": ""}}, {"model": "admin.logentry", "pk": 61, "fields": {"action_time": "2021-04-25T19:06:03.032Z", "user": 1, "content_type": 14, "object_id": "41", "object_repr": "test3", "action_flag": 3, "change_message": ""}}, {"model": "admin.logentry", "pk": 62, "fields": {"action_time": "2021-04-25T19:06:03.047Z", "user": 1, "content_type": 14, "object_id": "40", "object_repr": "test2", "action_flag": 3, "change_message": ""}}, {"model": "admin.logentry", "pk": 63, "fields": {"action_time": "2021-04-26T01:17:02.631Z", "user": 1, "content_type": 15, "object_id": "93", "object_repr": "6477470A2B43422183EE560363813F14", "action_flag": 3, "change_message": ""}}, {"model": "admin.logentry", "pk": 64, "fields": {"action_time": "2021-04-26T01:17:02.652Z", "user": 1, "content_type": 15, "object_id": "92", "object_repr": "DAC34796A59B49AF86E0248D54B4D97E", "action_flag": 3, "change_message": ""}}, {"model": "admin.logentry", "pk": 65, "fields": {"action_time": "2021-04-26T01:17:02.669Z", "user": 1, "content_type": 15, "object_id": "91", "object_repr": "85FB8286DBE04C6181BDC8A8D0673550", "action_flag": 3, "change_message": ""}}, {"model": "admin.logentry", "pk": 66, "fields": {"action_time": "2021-04-26T01:17:02.684Z", "user": 1, "content_type": 15, "object_id": "90", "object_repr": "CB798B44AE9D450EB279A726C071ADB1", "action_flag": 3, "change_message": ""}}, {"model": "admin.logentry", "pk": 67, "fields": {"action_time": "2021-04-26T01:17:02.699Z", "user": 1, "content_type": 15, "object_id": "89", "object_repr": "D3E2B2FD06BC4E09851644769E41A418", "action_flag": 3, "change_message": ""}}, {"model": "admin.logentry", "pk": 68, "fields": {"action_time": "2021-04-26T01:17:02.715Z", "user": 1, "content_type": 15, "object_id": "88", "object_repr": "D6E87B2D0D28476CA559A98ACF884010", "action_flag": 3, "change_message": ""}}, {"model": "admin.logentry", "pk": 69, "fields": {"action_time": "2021-04-26T01:17:02.730Z", "user": 1, "content_type": 15, "object_id": "87", "object_repr": "15F8E28885F547EA81EEFAECD99B9B44", "action_flag": 3, "change_message": ""}}, {"model": "admin.logentry", "pk": 70, "fields": {"action_time": "2021-04-26T01:17:02.745Z", "user": 1, "content_type": 15, "object_id": "86", "object_repr": "6109A9884BB84327A118910E3B94B265", "action_flag": 3, "change_message": ""}}, {"model": "admin.logentry", "pk": 71, "fields": {"action_time": "2021-04-26T01:17:02.762Z", "user": 1, "content_type": 15, "object_id": "85", "object_repr": "914A170B5B954EF281B667F937BA4A94", "action_flag": 3, "change_message": ""}}, {"model": "admin.logentry", "pk": 72, "fields": {"action_time": "2021-04-26T01:17:02.779Z", "user": 1, "content_type": 15, "object_id": "84", "object_repr": "969F20906B50489CB092B47D32CAA985", "action_flag": 3, "change_message": ""}}, {"model": "admin.logentry", "pk": 73, "fields": {"action_time": "2021-04-26T01:17:02.795Z", "user": 1, "content_type": 15, "object_id": "83", "object_repr": "024A2455D0AC4D3CB7931D31C37D4188", "action_flag": 3, "change_message": ""}}, {"model": "admin.logentry", "pk": 74, "fields": {"action_time": "2021-04-26T01:17:02.809Z", "user": 1, "content_type": 15, "object_id": "82", "object_repr": "F222D3C7B8B341928E6E2F5A9759DC17", "action_flag": 3, "change_message": ""}}, {"model": "admin.logentry", "pk": 75, "fields": {"action_time": "2021-04-26T01:17:02.827Z", "user": 1, "content_type": 15, "object_id": "81", "object_repr": "9903CE33029E45B2A3ADA29E589D4680", "action_flag": 3, "change_message": ""}}, {"model": "admin.logentry", "pk": 76, "fields": {"action_time": "2021-04-26T01:17:02.846Z", "user": 1, "content_type": 15, "object_id": "80", "object_repr": "52C323DC2C6843D69667FFAEF60F3E67", "action_flag": 3, "change_message": ""}}, {"model": "admin.logentry", "pk": 77, "fields": {"action_time": "2021-04-26T01:17:02.860Z", "user": 1, "content_type": 15, "object_id": "79", "object_repr": "9A4383B4F73F49FFB8E4AB54FC5315FE", "action_flag": 3, "change_message": ""}}, {"model": "admin.logentry", "pk": 78, "fields": {"action_time": "2021-04-26T01:17:02.881Z", "user": 1, "content_type": 15, "object_id": "78", "object_repr": "DAA4A45D241B4AA38E2CA2EC0416EDFC", "action_flag": 3, "change_message": ""}}, {"model": "admin.logentry", "pk": 79, "fields": {"action_time": "2021-04-26T01:17:02.897Z", "user": 1, "content_type": 15, "object_id": "77", "object_repr": "FE18C0F587EA4CA6B0F0F68A3E33B3E4", "action_flag": 3, "change_message": ""}}, {"model": "admin.logentry", "pk": 80, "fields": {"action_time": "2021-04-26T01:17:02.917Z", "user": 1, "content_type": 15, "object_id": "76", "object_repr": "5564D94EDD6B4D02ABC2615AEBD09DB0", "action_flag": 3, "change_message": ""}}, {"model": "admin.logentry", "pk": 81, "fields": {"action_time": "2021-04-26T01:17:02.933Z", "user": 1, "content_type": 15, "object_id": "75", "object_repr": "BD6E7CCB82E64ECAB6E971769860126B", "action_flag": 3, "change_message": ""}}, {"model": "admin.logentry", "pk": 82, "fields": {"action_time": "2021-04-26T01:17:02.949Z", "user": 1, "content_type": 15, "object_id": "74", "object_repr": "A9CB3314324443F989A91E2AA62347C5", "action_flag": 3, "change_message": ""}}, {"model": "admin.logentry", "pk": 83, "fields": {"action_time": "2021-04-26T01:17:02.967Z", "user": 1, "content_type": 15, "object_id": "73", "object_repr": "138FBC4C49E34D99AE511F4D481CFDFC", "action_flag": 3, "change_message": ""}}, {"model": "admin.logentry", "pk": 84, "fields": {"action_time": "2021-04-26T01:17:02.986Z", "user": 1, "content_type": 15, "object_id": "72", "object_repr": "AA945CC3450F48E4965465420EB01A9F", "action_flag": 3, "change_message": ""}}, {"model": "admin.logentry", "pk": 85, "fields": {"action_time": "2021-04-26T01:17:03.002Z", "user": 1, "content_type": 15, "object_id": "71", "object_repr": "33659986C82447BB9C896097A3CD6213", "action_flag": 3, "change_message": ""}}, {"model": "admin.logentry", "pk": 86, "fields": {"action_time": "2021-04-26T01:17:03.016Z", "user": 1, "content_type": 15, "object_id": "70", "object_repr": "51DAF2B99CEF4F4DADFDF9A26EAE1BFE", "action_flag": 3, "change_message": ""}}, {"model": "admin.logentry", "pk": 87, "fields": {"action_time": "2021-04-26T01:17:03.033Z", "user": 1, "content_type": 15, "object_id": "69", "object_repr": "941F499199914496AD145FD07BEADC42", "action_flag": 3, "change_message": ""}}, {"model": "admin.logentry", "pk": 88, "fields": {"action_time": "2021-04-26T01:17:03.051Z", "user": 1, "content_type": 15, "object_id": "68", "object_repr": "1EC5B786323C4ADFAA04233B25BCFA4F", "action_flag": 3, "change_message": ""}}, {"model": "admin.logentry", "pk": 89, "fields": {"action_time": "2021-04-26T01:17:03.068Z", "user": 1, "content_type": 15, "object_id": "67", "object_repr": "FD298905658441DA8B7701FD0ABD2A10", "action_flag": 3, "change_message": ""}}, {"model": "admin.logentry", "pk": 90, "fields": {"action_time": "2021-04-26T01:17:03.085Z", "user": 1, "content_type": 15, "object_id": "66", "object_repr": "B0CAE09DEADF4D319207AE506EA61B2E", "action_flag": 3, "change_message": ""}}, {"model": "admin.logentry", "pk": 91, "fields": {"action_time": "2021-04-26T01:17:03.101Z", "user": 1, "content_type": 15, "object_id": "65", "object_repr": "9555A0EBB61D48D783E85BE7B9ACB059", "action_flag": 3, "change_message": ""}}, {"model": "admin.logentry", "pk": 92, "fields": {"action_time": "2021-04-26T01:17:03.121Z", "user": 1, "content_type": 15, "object_id": "64", "object_repr": "35ECB5D3F9BD4B918ABD6439448CCACA", "action_flag": 3, "change_message": ""}}, {"model": "admin.logentry", "pk": 93, "fields": {"action_time": "2021-04-26T01:17:03.135Z", "user": 1, "content_type": 15, "object_id": "63", "object_repr": "00498BBB86BA42F690A7F13D21C6F858", "action_flag": 3, "change_message": ""}}, {"model": "admin.logentry", "pk": 94, "fields": {"action_time": "2021-04-26T01:17:03.152Z", "user": 1, "content_type": 15, "object_id": "62", "object_repr": "D54AC4DCB83740B4AABE425619A4A36A", "action_flag": 3, "change_message": ""}}, {"model": "admin.logentry", "pk": 95, "fields": {"action_time": "2021-04-26T01:17:03.168Z", "user": 1, "content_type": 15, "object_id": "61", "object_repr": "1DDC5878A1F24F8CB74E972F671A5DC2", "action_flag": 3, "change_message": ""}}, {"model": "admin.logentry", "pk": 96, "fields": {"action_time": "2021-04-26T01:17:03.185Z", "user": 1, "content_type": 15, "object_id": "60", "object_repr": "4F19DBE02EFE45548B6CE04F4C887EB0", "action_flag": 3, "change_message": ""}}, {"model": "admin.logentry", "pk": 97, "fields": {"action_time": "2021-04-26T01:17:03.201Z", "user": 1, "content_type": 15, "object_id": "59", "object_repr": "A4CD592D36324698ADBFE4F4882FD84B", "action_flag": 3, "change_message": ""}}, {"model": "admin.logentry", "pk": 98, "fields": {"action_time": "2021-04-26T01:17:03.218Z", "user": 1, "content_type": 15, "object_id": "58", "object_repr": "214D06B115924392B3B1B6D8A4AF0313", "action_flag": 3, "change_message": ""}}, {"model": "admin.logentry", "pk": 99, "fields": {"action_time": "2021-04-26T01:17:03.236Z", "user": 1, "content_type": 15, "object_id": "57", "object_repr": "341D81AC5B9A4EFD8E496033B4E9D8AE", "action_flag": 3, "change_message": ""}}, {"model": "admin.logentry", "pk": 100, "fields": {"action_time": "2021-04-26T01:17:03.252Z", "user": 1, "content_type": 15, "object_id": "56", "object_repr": "D150C55C9F4C4E1B9D3C6B099DDACA70", "action_flag": 3, "change_message": ""}}, {"model": "admin.logentry", "pk": 101, "fields": {"action_time": "2021-04-26T01:17:03.268Z", "user": 1, "content_type": 15, "object_id": "55", "object_repr": "ADE3EC3DF7474418884AE90566C63702", "action_flag": 3, "change_message": ""}}, {"model": "admin.logentry", "pk": 102, "fields": {"action_time": "2021-04-26T01:17:03.285Z", "user": 1, "content_type": 15, "object_id": "54", "object_repr": "1550A2FF9FC64E8EB4E4F338C7E8E050", "action_flag": 3, "change_message": ""}}, {"model": "admin.logentry", "pk": 103, "fields": {"action_time": "2021-04-26T01:17:03.300Z", "user": 1, "content_type": 15, "object_id": "53", "object_repr": "3E65CD526FDA43BE94B6B533FBDA2299", "action_flag": 3, "change_message": ""}}, {"model": "admin.logentry", "pk": 104, "fields": {"action_time": "2021-04-26T01:17:03.317Z", "user": 1, "content_type": 15, "object_id": "52", "object_repr": "719A1746D5F14C4AAFEE549560E50921", "action_flag": 3, "change_message": ""}}, {"model": "admin.logentry", "pk": 105, "fields": {"action_time": "2021-04-26T01:17:03.332Z", "user": 1, "content_type": 15, "object_id": "51", "object_repr": "E55CAB98DBB34124A1B6906D478533B3", "action_flag": 3, "change_message": ""}}, {"model": "admin.logentry", "pk": 106, "fields": {"action_time": "2021-04-26T01:17:03.350Z", "user": 1, "content_type": 15, "object_id": "50", "object_repr": "815E0F552AAF45388ED9CFBE0C1D28D4", "action_flag": 3, "change_message": ""}}, {"model": "admin.logentry", "pk": 107, "fields": {"action_time": "2021-04-26T01:17:03.366Z", "user": 1, "content_type": 15, "object_id": "49", "object_repr": "7E8F743FEBD14B0398777044C2918810", "action_flag": 3, "change_message": ""}}, {"model": "admin.logentry", "pk": 108, "fields": {"action_time": "2021-04-26T01:17:03.384Z", "user": 1, "content_type": 15, "object_id": "48", "object_repr": "D05F2D16B7E44F0593F7AAF99E97ED43", "action_flag": 3, "change_message": ""}}, {"model": "admin.logentry", "pk": 109, "fields": {"action_time": "2021-04-26T01:17:03.401Z", "user": 1, "content_type": 15, "object_id": "47", "object_repr": "385F2D8F5FB2479A8C1CD4B4DCD097A0", "action_flag": 3, "change_message": ""}}, {"model": "admin.logentry", "pk": 110, "fields": {"action_time": "2021-04-26T01:17:03.416Z", "user": 1, "content_type": 15, "object_id": "46", "object_repr": "6B29F1EFDDB64DE39A2610892E9E4FB2", "action_flag": 3, "change_message": ""}}, {"model": "admin.logentry", "pk": 111, "fields": {"action_time": "2021-04-26T01:17:03.431Z", "user": 1, "content_type": 15, "object_id": "45", "object_repr": "8430F441047A4FF09E058BD019FDAB62", "action_flag": 3, "change_message": ""}}, {"model": "admin.logentry", "pk": 112, "fields": {"action_time": "2021-04-26T01:17:03.448Z", "user": 1, "content_type": 15, "object_id": "44", "object_repr": "7925A3CB1F184F8F9C91D85535834D24", "action_flag": 3, "change_message": ""}}, {"model": "admin.logentry", "pk": 113, "fields": {"action_time": "2021-04-26T01:17:03.465Z", "user": 1, "content_type": 15, "object_id": "43", "object_repr": "DC090D50FAEB491BB5553675C7AEABCA", "action_flag": 3, "change_message": ""}}, {"model": "admin.logentry", "pk": 114, "fields": {"action_time": "2021-04-26T01:17:03.481Z", "user": 1, "content_type": 15, "object_id": "42", "object_repr": "C725375D05AB433FA111A111B6E285FF", "action_flag": 3, "change_message": ""}}, {"model": "admin.logentry", "pk": 115, "fields": {"action_time": "2021-04-27T18:33:51.743Z", "user": 1, "content_type": 15, "object_id": "103", "object_repr": "43E6F7EC7C6244B1931CAF6F2B7D11BF", "action_flag": 3, "change_message": ""}}, {"model": "admin.logentry", "pk": 116, "fields": {"action_time": "2021-04-27T18:33:51.764Z", "user": 1, "content_type": 15, "object_id": "101", "object_repr": "81F61875DFE14D548BD3CE24E5F35F24", "action_flag": 3, "change_message": ""}}, {"model": "admin.logentry", "pk": 117, "fields": {"action_time": "2021-04-27T18:33:51.780Z", "user": 1, "content_type": 15, "object_id": "99", "object_repr": "1CA2787ECBB34C0086736D8F62CFC6E0", "action_flag": 3, "change_message": ""}}, {"model": "admin.logentry", "pk": 118, "fields": {"action_time": "2021-04-27T18:33:51.796Z", "user": 1, "content_type": 15, "object_id": "97", "object_repr": "54478588BBCD46BAB0F7DA0AA19D5315", "action_flag": 3, "change_message": ""}}, {"model": "admin.logentry", "pk": 119, "fields": {"action_time": "2021-04-27T18:33:51.812Z", "user": 1, "content_type": 15, "object_id": "95", "object_repr": "C3ED3BFB80854B6CA9498C4B0B211CE3", "action_flag": 3, "change_message": ""}}, {"model": "admin.logentry", "pk": 120, "fields": {"action_time": "2021-04-27T23:48:09.024Z", "user": 1, "content_type": 4, "object_id": "2", "object_repr": "testytest", "action_flag": 2, "change_message": "[{\"changed\": {\"fields\": [\"Staff status\", \"Superuser status\"]}}]"}}, {"model": "admin.logentry", "pk": 121, "fields": {"action_time": "2021-04-28T21:02:47.954Z", "user": 1, "content_type": 19, "object_id": "1", "object_repr": "Bea Kibati", "action_flag": 1, "change_message": "[{\"added\": {}}]"}}, {"model": "admin.logentry", "pk": 122, "fields": {"action_time": "2021-04-28T21:03:39.772Z", "user": 1, "content_type": 19, "object_id": "2", "object_repr": "Austin Nana", "action_flag": 1, "change_message": "[{\"added\": {}}]"}}, {"model": "admin.logentry", "pk": 123, "fields": {"action_time": "2021-04-28T21:04:17.462Z", "user": 1, "content_type": 19, "object_id": "3", "object_repr": "Geri Tola", "action_flag": 1, "change_message": "[{\"added\": {}}]"}}, {"model": "admin.logentry", "pk": 124, "fields": {"action_time": "2021-04-28T21:04:47.024Z", "user": 1, "content_type": 19, "object_id": "4", "object_repr": "David B", "action_flag": 1, "change_message": "[{\"added\": {}}]"}}, {"model": "admin.logentry", "pk": 125, "fields": {"action_time": "2021-04-28T23:50:30.613Z", "user": 1, "content_type": 19, "object_id": "5", "object_repr": "Junior Developer", "action_flag": 1, "change_message": "[{\"added\": {}}]"}}, {"model": "admin.logentry", "pk": 126, "fields": {"action_time": "2021-04-28T23:56:58.944Z", "user": 1, "content_type": 19, "object_id": "5", "object_repr": "Junior Developer", "action_flag": 2, "change_message": "[{\"changed\": {\"fields\": [\"Heading\"]}}]"}}, {"model": "admin.logentry", "pk": 127, "fields": {"action_time": "2021-04-29T00:03:50.681Z", "user": 1, "content_type": 19, "object_id": "6", "object_repr": "Student", "action_flag": 1, "change_message": "[{\"added\": {}}]"}}, {"model": "admin.logentry", "pk": 128, "fields": {"action_time": "2021-04-29T00:22:13.394Z", "user": 1, "content_type": 20, "object_id": "1", "object_repr": "11 Plus", "action_flag": 1, "change_message": "[{\"added\": {}}]"}}, {"model": "admin.logentry", "pk": 129, "fields": {"action_time": "2021-04-29T00:22:24.709Z", "user": 1, "content_type": 20, "object_id": "2", "object_repr": "KS2", "action_flag": 1, "change_message": "[{\"added\": {}}]"}}, {"model": "admin.logentry", "pk": 130, "fields": {"action_time": "2021-04-29T00:22:33.633Z", "user": 1, "content_type": 20, "object_id": "3", "object_repr": "GCSE", "action_flag": 1, "change_message": "[{\"added\": {}}]"}}, {"model": "admin.logentry", "pk": 131, "fields": {"action_time": "2021-04-29T00:22:44.440Z", "user": 1, "content_type": 20, "object_id": "4", "object_repr": "A-Level", "action_flag": 1, "change_message": "[{\"added\": {}}]"}}, {"model": "admin.logentry", "pk": 132, "fields": {"action_time": "2021-04-29T00:25:25.483Z", "user": 1, "content_type": 20, "object_id": "2", "object_repr": "KS2", "action_flag": 2, "change_message": "[{\"changed\": {\"fields\": [\"Price\"]}}]"}}, {"model": "admin.logentry", "pk": 133, "fields": {"action_time": "2021-04-29T00:25:35.740Z", "user": 1, "content_type": 20, "object_id": "2", "object_repr": "KS2", "action_flag": 2, "change_message": "[{\"changed\": {\"fields\": [\"Price\"]}}]"}}, {"model": "admin.logentry", "pk": 134, "fields": {"action_time": "2021-04-29T00:51:36.585Z", "user": 1, "content_type": 21, "object_id": "1", "object_repr": "Can products be shipped internationally?", "action_flag": 1, "change_message": "[{\"added\": {}}]"}}, {"model": "admin.logentry", "pk": 135, "fields": {"action_time": "2021-04-29T00:52:06.007Z", "user": 1, "content_type": 21, "object_id": "2", "object_repr": "Do tutors teach internationally?", "action_flag": 1, "change_message": "[{\"added\": {}}]"}}, {"model": "admin.logentry", "pk": 136, "fields": {"action_time": "2021-04-29T00:52:41.178Z", "user": 1, "content_type": 21, "object_id": "3", "object_repr": "I bought the wrong product, what should I do?", "action_flag": 1, "change_message": "[{\"added\": {}}]"}}, {"model": "admin.logentry", "pk": 137, "fields": {"action_time": "2021-04-29T00:53:03.343Z", "user": 1, "content_type": 21, "object_id": "4", "object_repr": "How do I refund a product?", "action_flag": 1, "change_message": "[{\"added\": {}}]"}}, {"model": "admin.logentry", "pk": 138, "fields": {"action_time": "2021-04-29T00:53:20.804Z", "user": 1, "content_type": 21, "object_id": "5", "object_repr": "Do you have discount codes?", "action_flag": 1, "change_message": "[{\"added\": {}}]"}}, {"model": "admin.logentry", "pk": 139, "fields": {"action_time": "2021-04-29T00:53:38.311Z", "user": 1, "content_type": 21, "object_id": "6", "object_repr": "How long will it take to receive my order after purchase?", "action_flag": 1, "change_message": "[{\"added\": {}}]"}}, {"model": "admin.logentry", "pk": 140, "fields": {"action_time": "2021-04-29T01:03:54.880Z", "user": 1, "content_type": 21, "object_id": "3", "object_repr": "I bought the wrong product, what should I do?", "action_flag": 2, "change_message": "[{\"changed\": {\"fields\": [\"Answer\"]}}]"}}, {"model": "admin.logentry", "pk": 141, "fields": {"action_time": "2021-04-29T01:03:58.529Z", "user": 1, "content_type": 21, "object_id": "3", "object_repr": "I bought the wrong product, what should I do?", "action_flag": 2, "change_message": "[]"}}, {"model": "admin.logentry", "pk": 142, "fields": {"action_time": "2021-04-29T01:04:01.341Z", "user": 1, "content_type": 21, "object_id": "2", "object_repr": "Do tutors teach internationally?", "action_flag": 2, "change_message": "[]"}}, {"model": "admin.logentry", "pk": 143, "fields": {"action_time": "2021-04-29T01:04:10.761Z", "user": 1, "content_type": 21, "object_id": "4", "object_repr": "How do I refund a product?", "action_flag": 2, "change_message": "[{\"changed\": {\"fields\": [\"Answer\"]}}]"}}, {"model": "admin.logentry", "pk": 144, "fields": {"action_time": "2021-04-29T01:05:06.436Z", "user": 1, "content_type": 21, "object_id": "5", "object_repr": "Do you have discount codes?", "action_flag": 2, "change_message": "[{\"changed\": {\"fields\": [\"Answer\"]}}]"}}, {"model": "admin.logentry", "pk": 145, "fields": {"action_time": "2021-04-29T01:05:55.750Z", "user": 1, "content_type": 21, "object_id": "6", "object_repr": "How long will it take to receive my order after purchase?", "action_flag": 2, "change_message": "[{\"changed\": {\"fields\": [\"Answer\"]}}]"}}, {"model": "admin.logentry", "pk": 146, "fields": {"action_time": "2021-04-29T01:07:52.833Z", "user": 1, "content_type": 21, "object_id": "5", "object_repr": "Do you have discount codes?", "action_flag": 2, "change_message": "[{\"changed\": {\"fields\": [\"Answer\"]}}]"}}, {"model": "admin.logentry", "pk": 147, "fields": {"action_time": "2021-04-29T01:09:11.629Z", "user": 1, "content_type": 21, "object_id": "5", "object_repr": "Do you have discount codes?", "action_flag": 2, "change_message": "[{\"changed\": {\"fields\": [\"Answer\"]}}]"}}, {"model": "auth.user", "pk": 1, "fields": {"password": "pbkdf2_sha256$260000$ZMeJJovGQocbt2KgSSaei9$G7y3NjX4VpBrNfL1XxiVA5SnvLd40M8050NhtcPhm+I=", "last_login": "2021-04-28T20:49:32.419Z", "is_superuser": true, "username": "jerhabor", "first_name": "", "last_name": "", "email": "jess.erhabor@gmail.com", "is_staff": true, "is_active": true, "date_joined": "2021-04-15T11:19:48.101Z", "groups": [], "user_permissions": []}}, {"model": "auth.user", "pk": 2, "fields": {"password": "pbkdf2_sha256$260000$KEvKZpSx6duuuuyxb7GLOk$qta92PnBXjuUd5J7du1f4d+cCwcqeIwSuUmSWiAnkGA=", "last_login": "2021-04-28T18:01:59.330Z", "is_superuser": true, "username": "testytest", "first_name": "", "last_name": "", "email": "tester@test.com", "is_staff": true, "is_active": true, "date_joined": "2021-04-24T21:26:14Z", "groups": [], "user_permissions": []}}, {"model": "auth.user", "pk": 3, "fields": {"password": "pbkdf2_sha256$260000$zvkJNcFSZs6VVyiMUBwqV2$ELFNX02+XP9bzlNDymp5pkC2rVoPrKzDn9S4mWLxhMY=", "last_login": null, "is_superuser": false, "username": "fiwit41768", "first_name": "", "last_name": "", "email": "fiwit41768@yehudabx.com", "is_staff": false, "is_active": true, "date_joined": "2021-04-28T12:25:43.065Z", "groups": [], "user_permissions": []}}, {"model": "sessions.session", "pk": "0hofk3aj8o2ztj18g836sazfmwkwe5kp", "fields": {"session_data": "eyJzYXZlX2NvbnRhY3QiOmZhbHNlfQ:1lbTvA:zkKRYX_zayCIiWH25KJN8CQL8t-O6a3UyBvJwdMcP-s", "expire_date": "2021-05-11T20:03:00.939Z"}}, {"model": "sessions.session", "pk": "3muok8izi9o9lg8bip99vomg9a0nd9nb", "fields": {"session_data": ".eJxVjMsOgjAQRf9l1qTpg7bQpXu_oel0ClQNGAqJhvDvSsJCt_ecezbwYV0Gv5Y0-0zgQED1u2GI9zQegG5h7CcWp3GZM7JDYSct7DpRelxO9y8whDJ831ZzriwK1WASVtquS6ilUBRtE0VrUGmhZcfr2lAb0JCxkRBJhoZi0OaIllRKnkafXs88v8HxCjD04DaQBpza9w9F_kMc:1lZKoA:j7K5Soj2VqoqqGY5hNG_-XEFraznGpmQcrWzkl-0sc8", "expire_date": "2021-05-05T21:54:54.985Z"}}, {"model": "sessions.session", "pk": "3zsc2bgxmt59e2fqtkqsplos92kdhhxj", "fields": {"session_data": "e30:1laOOK:06WeAYaT7e6hRjJn3s7glxkeSHiTA5iX42edSt53XSA", "expire_date": "2021-05-08T19:56:36.788Z"}}, {"model": "sessions.session", "pk": "4t84wmjvs16t5vlg4ybx90nk06nbkcug", "fields": {"session_data": "e30:1laMjS:VrJfXikviE486b7ZFTn5rNlpW4aZsb1g7Gv7zlyhXro", "expire_date": "2021-05-08T18:10:18.583Z"}}, {"model": "sessions.session", "pk": "532zzx067dnutkumqoy9t7dwa7zxk0y2", "fields": {"session_data": "e30:1laNY8:4c40SFRWsszHVHkf7TttERbnFy-8UCTqWhobPFXISOY", "expire_date": "2021-05-08T19:02:40.436Z"}}, {"model": "sessions.session", "pk": "6jwq9wmbryj34xlv1ut0wqsiqljgkplo", "fields": {"session_data": "eyJiYWciOnsiMyI6MiwiMjYiOjJ9fQ:1lYaLA:ZS_4m3cPfHTb_7T5elz2bDdF6DBZrkmwA5ZziBUvk5E", "expire_date": "2021-05-03T20:17:52.258Z"}}, {"model": "sessions.session", "pk": "83jgbwumjck5qhw77yiz58rntg6pnm0i", "fields": {"session_data": ".eJxVTksOgjAUvMtbE9IPbbFL956h6esrUDVgKCQawt0FZaGryXwzCzg_T52bcxxdIrDAofjV0Idb7HeDrr5vhzIM_TQmLPdIebi5vAwU7-cj-zfQ-dxtbaMYkwa5rDFyI0zTRFSCSwqmDvykUSquRMOqStPJoyZtAiGS8DUFr_Q-mmPOaehdfD7S-ALLCkDfgl2205YXIPQHJPsysGpd31X_RnU:1lYJ0p:dEXM06KWCqb98rqT3coosLFLVbbBbIazwsKQR88itVE", "expire_date": "2021-05-03T01:47:43.476Z"}}, {"model": "sessions.session", "pk": "aa9p3159emqo6n2y5j8y4hc2j6vs4tge", "fields": {"session_data": "eyJiYWciOnsiMjYiOjF9fQ:1laPKY:6-Ii3J0GnaOX3tFSGPjhkLl1GzNw8Hl6OY6oNHnrb-A", "expire_date": "2021-05-08T20:56:46.885Z"}}, {"model": "sessions.session", "pk": "ader8b2xtle82phlj5qhovcv2s1xtfo8", "fields": {"session_data": "e30:1laNXW:SqBZ-rh6KD5Y4AUP60qfY-QVBGasBDdsZqBMqoU0AY8", "expire_date": "2021-05-08T19:02:02.031Z"}}, {"model": "sessions.session", "pk": "ciepg7kokc5yqht74qwm3c0pf1kq0fpd", "fields": {"session_data": ".eJxVjDsOgzAQBe-yNbLw-oNxmT5nQIu9gJMIIgxSIsTdEyQa2jfzZoOWevAbGPCyAKzAm72AhtZlaNbMc5MieEC4bC2FJ48HiA8a-0mEaVzm1IpDESfN4j5Fft1O9xIYKA__t0bEMroO2SmJsSZHWDEaHciZYFHprlbSMisTStRKl0SqI0m2sk7WdEQz55ymseHPO81f8OX-A0uSQzY:1laWLo:kldDb77W8IpFOMuMviQdGIuulRPzVuQbIDYHztbjZQ4", "expire_date": "2021-05-09T04:26:32.261Z"}}, {"model": "sessions.session", "pk": "dl6qpj27xx11pptycy9echeagnzu1nlf", "fields": {"session_data": ".eJxVjsEOgjAQRP-lZ9LQQlvg6N1vaHa7i6CmNS0YjfHflYSDXufNvMxLeFiXya-Fs59JDEKJ6jdDCBeOG6AzxFOSIcUlzyi3itxpkcdEfD3s3T_BBGX6rp2p68ahajpk5bQbR0ajVUPBdUH1FhujjB7rtrXUA1qyLhAiaegogLGbtHApc4qeH7c5P8VQV6LAnf12CcIihiWv_P4ArttGmw:1laWDs:IBrB94O_xMmAwD9YqzQluzKaoG-3EdgeSHip52a_qzM", "expire_date": "2021-05-09T04:18:20.245Z"}}, {"model": "sessions.session", "pk": "fyv0qrng7b8qf7odcu91buxqetp4nfbj", "fields": {"session_data": "eyJiYWciOnsiMiI6MX19:1laOFA:0TaDSsoXntbwjtcxpGDwXBCMZRZe7avl0OhkXP1o88I", "expire_date": "2021-05-08T19:47:08.003Z"}}, {"model": "sessions.session", "pk": "gem7oa7szojq66cu4z88dkhbdm0ltm7p", "fields": {"session_data": "e30:1laNfc:JYXmdR9mJGJ4xaGx2UEF_uue24DKT5xqX0PQUf9gflA", "expire_date": "2021-05-08T19:10:24.621Z"}}, {"model": "sessions.session", "pk": "hk1d4wgik3rgnjfr5mo3m7x3c0e98daf", "fields": {"session_data": ".eJxVjkEOwiAURO_CuiHwoZR26d4zkF_4tagBU1qjMd5dSbrQ7byZl3kxh9s6u63Q4mJgAwPW_GYj-gulCsIZ0ylzn9O6xJHXCt9p4ccc6HrYu3-CGcv8XWsAEMFOQFZJCD1ahI6g1R5t6w0oPfVKGiLVegFaaYGoJpRoOmNlj1VaqJSYk6PHLS5PNoiGFbyTq5fQr2xYl43eH31CRaI:1lbEFj:4XtjUz12dkKuUMdDZzPLNwJSC1ANj2FnDFMhH-g2yvo", "expire_date": "2021-05-11T03:19:11.053Z"}}, {"model": "sessions.session", "pk": "hk9p0lb38xzs5p2ri8nan7ye3lexfgbb", "fields": {"session_data": "e30:1laNXg:kkaKVwzD2PbK5mTERVsEzBV8IM8RrkklzrL05JY8dUo", "expire_date": "2021-05-08T19:02:12.643Z"}}, {"model": "sessions.session", "pk": "jm2zmgmuk1nqavmknsar4igv4haohow4", "fields": {"session_data": ".eJxVjDsOwjAQBe_iGlk40cYOJT1nsPZnHEC2FCdVxN0hUgpo38y8zURclxzXpnOcxFyMM6ffjZCfWnYgDyz3armWZZ7I7oo9aLO3Kvq6Hu7fQcaWvzWgQHCcPIegkpwTEtZ-FB-kEwLPfgBFcsDYKfRwToJuRA6D9F7JvD8ZxzlZ:1lbvB1:wYUX40IQTNe_oboraRkviabHesQC2sOX3l1vtndmKQg", "expire_date": "2021-05-13T01:09:11.748Z"}}, {"model": "sessions.session", "pk": "kmp6hc2ccdnieqdcbbriplv22ezqkg44", "fields": {"session_data": ".eJxVj8EOgjAQRP9lz4S0hYLt0bvf0Gy3W0ENmBaMhvDvQsJBr_NmJjMLOJynzs2Zk-sDWFBQ_Goe6c7DDsINh-tY0jhMqfflbikPmsvLGPhxPrx_BR3mbksbFVFEKVEoU7Vao44-CN-GRlaoiapakyJuY6CaSZI3jSHTnEIURrWe9tLMOffj4Pj97NMHrCgg44vdPglpAjulmQvweAW7bEesXNcv5fZK3Q:1lbYNh:HFt6en-cwSwcm2I7MocykaXCWq0nXNfnfTF6e0dztzg", "expire_date": "2021-05-12T00:48:45.960Z"}}, {"model": "sessions.session", "pk": "l3uvk2b9ppwf6m1qtaesfmermmvzwdmx", "fields": {"session_data": "eyJiYWciOnsiMiI6M319:1lYTLU:yih8Ssd1ivR_0pkUe1apA5GHW2DPGfD4bBs8rFgiXJA", "expire_date": "2021-05-03T12:49:44.459Z"}}, {"model": "sessions.session", "pk": "lghglfhibbf7xerq9ka5otjuwi5c1a0x", "fields": {"session_data": "e30:1laOhH:bubZevb4RuMMOa_hwrSCkGo8zI4SgbI7rCPMU236yU4", "expire_date": "2021-05-08T20:16:11.360Z"}}, {"model": "sessions.session", "pk": "lm7lfb5rjdlg7avppcxnpyox86lj5nnz", "fields": {"session_data": "eyJiYWciOnsiMyI6MSwiMjYiOjF9fQ:1lYJ4Y:ekn5-1fciyQ8VenbksvmUCKMmFO2PQhb9Sw6f6ueaMY", "expire_date": "2021-05-03T01:51:34.144Z"}}, {"model": "sessions.session", "pk": "n21kx1qf862kk09c2x235xk7d8vu0qfg", "fields": {"session_data": ".eJxVjEEOwiAQRe_C2hCgpYhL956BDDODRQ2Y0iYa4921SRe6_e_99xIBlnkMS-MpZBIHYcTud4uAVy4roAuUc5VYyzzlKFdFbrTJUyW-HTf3LzBCG79vbxKopDUo4ztnLdgUSUVHg-7AIna9RYPsEmHPqDH6waMf9pSUNy7iGm3cWq4l8OOep6c4qPcHpLw_zA:1lbaJu:9c63R3iE5rr-wfkSWZFcdmFsx4CyquICjRf36jT6MIk", "expire_date": "2021-05-12T02:52:58.437Z"}}, {"model": "sessions.session", "pk": "qpqtbrqdve1nh9nidje8rfgxhyfyr731", "fields": {"session_data": "e30:1laPgM:fB-6gOL900bVXyCVKnu1rlQDYwLRIdlqhWfsIZluUU8", "expire_date": "2021-05-08T21:19:18.460Z"}}, {"model": "sessions.session", "pk": "r0msggrqx0bto7sz28khwzfk6oquq3e8", "fields": {"session_data": "e30:1laOgx:gGn07YdWMOc10QNq2kNhQIlBBxXxP8CHY5gW8lGYQHk", "expire_date": "2021-05-08T20:15:51.426Z"}}, {"model": "sessions.session", "pk": "roxr36wd5b55smedf4kmga5huzeufz4e", "fields": {"session_data": "eyJiYWciOnsiMjciOjEsIjMiOjJ9fQ:1lYy5c:jgAo_4Q1cdAKplSayTtWtodfbQjxOOsLoCBSvDIQkwk", "expire_date": "2021-05-04T21:39:24.676Z"}}, {"model": "sessions.session", "pk": "rsedofcc5yaqs9ue7a1hioqgpcv2r7ip", "fields": {"session_data": "e30:1laMm6:YHNGAxZiS1FEfqGO0I7MR8HInH3s7_66J4rOd5Y8aEQ", "expire_date": "2021-05-08T18:13:02.228Z"}}, {"model": "sessions.session", "pk": "skmpnhiwkshvq7y82gpfojt5kl216dua", "fields": {"session_data": ".eJyrVkpKTFeyqlYyMlOyMtRRMgKTxgZKVkZAjgVEzBJI1dYCANiaCYc:1lYTUV:yHByomBEKgJN1sl7lGrYxaPkrOME8jXAEzJ4GHJaqMk", "expire_date": "2021-05-03T12:59:03.772Z"}}, {"model": "sessions.session", "pk": "srmcirpw4zrg1dpnam6kzv8uy69umn8t", "fields": {"session_data": ".eJxVjMsOgjAQRf9l1oTQQlvs0r3f0Mx0hocaMBSMhvDvSsKG7T3n3BUSviXEcZgxzuDnaZEMAi5zF5YkU-gZPCg4bYTxIcMO-I5DO-Z7PvWU70p-0JTfRpbn9XBPBx2m7l87UxSlI1XWJMpp1zRCRquSo6ujulgqjTK6KarK8gXJsnWRiVhjzRGN3U-TpNSPQ5DPq5--4IsMCFvwK9Tg9bb9AD-zSk8:1lbCqg:MgLdalTLOdWn4U-GClak23lh-EbY3m1bhGiVgd1O6Cc", "expire_date": "2021-05-11T01:49:14.928Z"}}, {"model": "sessions.session", "pk": "sslj65ga2pucgvy9teodym58lkoyf9d4", "fields": {"session_data": "eyJzYXZlX2NvbnRhY3QiOmZhbHNlfQ:1lZx08:k22zP2knq_No41dkm_6PEXDak-YjO-CwiresOp6b8tg", "expire_date": "2021-05-07T14:41:48.666Z"}}, {"model": "sessions.session", "pk": "vsylha5fe1c353tjt8q12lazowhmsg10", "fields": {"session_data": "eyJiYWciOnsiMjYiOjN9fQ:1laPGw:tr42zu6m6_5ynE_Lfwx0sQCRdBtcgIfsUAJFTGiEGNs", "expire_date": "2021-05-08T20:53:02.905Z"}}, {"model": "sites.site", "pk": 1, "fields": {"domain": "example.com", "name": "example.com"}}, {"model": "account.emailaddress", "pk": 1, "fields": {"user": 1, "email": "jess.erhabor@gmail.com", "verified": true, "primary": true}}, {"model": "account.emailaddress", "pk": 2, "fields": {"user": 2, "email": "tester@test.com", "verified": true, "primary": true}}, {"model": "account.emailaddress", "pk": 3, "fields": {"user": 3, "email": "fiwit41768@yehudabx.com", "verified": false, "primary": true}}, {"model": "home.review", "pk": 1, "fields": {"name": "Bea Kibati", "occupation": "Parent", "heading": "Great Tutor", "description": "Jesse is a StudyHaven tutor who teaches my son Michael 11+ maths and Michael would always tell me how much Jesse encourages him. It's relieved the pressure off me to home-school him. Jesse has helped Michael build his confidence not just in his studies but also in his life choices. I cannot thank him and StudyHaven enough!", "date": "2021-04-28"}}, {"model": "home.review", "pk": 2, "fields": {"name": "Austin Nana", "occupation": "Student", "heading": "Top Quality Books", "description": "I currently have the A-Level Maths and Economics workbooks and they've been so useful in preparing for my teacher assessments! As I'm unable to take exams this year due to the pandemic, I still needed resources to help me stay sane and feel confident. StudyHaven workbooks are the way to go!", "date": "2021-04-28"}}, {"model": "home.review", "pk": 3, "fields": {"name": "Geri Tola", "occupation": "Student", "heading": "Well-Structured", "description": "I was tutored by Nicole throughout my first year of GCSE Economics. Her approach to teaching is so good! She broke everything down to basics making it easy for me to understand. We are continuing the sessions so that I can stay ahead of the class amidst this pandemic!", "date": "2021-04-28"}}, {"model": "home.review", "pk": 4, "fields": {"name": "David B", "occupation": "Student", "heading": "The Best Stationery!", "description": "I am currently studying A-Level Business Studies alongside my internship. I always have a lot of case studies to write and minutes to take. I absolutely love the feel of the StudyHaven notepads and the fine tip quality of their pens - makes note-taking more enjoyable.", "date": "2021-04-28"}}, {"model": "home.review", "pk": 5, "fields": {"name": "Abi Knight", "occupation": "Junior Developer", "heading": "The Most Rewarding Books!", "description": "Currently undertaking an internship at a top tech company and thanks to the A-Level Computer Science book that StudyHaven offers, I was able to really brush up on my coding skills and understanding of core concepts including data structures and algorithms. Thank you!", "date": "2021-04-28"}}, {"model": "home.review", "pk": 6, "fields": {"name": "Nabil M", "occupation": "Student", "heading": "Great Investment", "description": "I love buying stationery from the StudyHaven. They really are top quality as they last for longer than many other types of stationery from high street shops. The weekly planners are the best! The page format is so enticing and encourages me to open it every day and plan my work.", "date": "2021-04-29"}}, {"model": "products.category", "pk": 1, "fields": {"name": "11plus-workbooks", "shop_name": "11+ Workbooks"}}, {"model": "products.category", "pk": 2, "fields": {"name": "ks2-workbooks", "shop_name": "KS2 Workbooks"}}, {"model": "products.category", "pk": 3, "fields": {"name": "gcse-workbooks", "shop_name": "GCSE Workbooks"}}, {"model": "products.category", "pk": 4, "fields": {"name": "a-level-workbooks", "shop_name": "A-Level Workbooks"}}, {"model": "products.category", "pk": 5, "fields": {"name": "stationery", "shop_name": "Stationery"}}, {"model": "products.product", "pk": 1, "fields": {"category": 1, "name": "11+ English Workbook", "description": "Ideal for preparation in the run-up to the 11+ English test and other selective entrance exams, this book contains a huge range of questions at the level of the final tests. The book is divided into three sections. The first section focuses on training the child to have the correct mindset to help them gain confidence. The second section delves into the detail of each topic and provides examples as well as many questions to test their understanding. The third section consists of realistic assessment tests to improve their speed and accuracy across a wide range of questions. The detailed answers are included as pull-outs to this product.", "price": "6.99", "image_url": "https://i.ibb.co/QQgkSKj/11plus-english.png", "image": "11plus-english.png"}}, {"model": "products.product", "pk": 2, "fields": {"category": 1, "name": "11+ Mathematics Workbook", "description": "Ideal for preparation in the run-up to the 11+ Maths test and other selective entrance exams, this book contains a huge range of questions at the level of the final tests. The book is divided into three sections. The first section focuses on training the child to have the correct mindset to help them gain confidence. The second section delves into the detail of each topic and provides examples as well as many questions to test their understanding. The third section consists of realistic assessment tests to improve their speed and accuracy across a wide range of questions. The detailed answers are included as pull-outs to this product.", "price": "6.99", "image_url": "https://i.ibb.co/SQs9mVS/11plus-maths.png", "image": "11plus-maths.png"}}, {"model": "products.product", "pk": 3, "fields": {"category": 1, "name": "11+ Non-Verbal Reasoning Workbook", "description": "Ideal for preparation in the run-up to the 11+ Non-Verbal Reasoning test and other selective entrance exams, this book contains a huge range of questions at the level of the final tests. The book is divided into three sections. The first section focuses on training the child to have the correct mindset to help them gain confidence. The second section delves into the detail of each topic and provides examples as well as many questions to test their understanding. The third section consists of realistic assessment tests to improve their speed and accuracy across a wide range of questions. The detailed answers are included as pull-outs to this product.", "price": "6.99", "image_url": "https://i.ibb.co/jGBCnpK/11plus-nvr.png", "image": "11plus-nvr.png"}}, {"model": "products.product", "pk": 4, "fields": {"category": 1, "name": "11+ Verbal Reasoning Workbook", "description": "Ideal for preparation in the run-up to the 11+ Verbal Reasoning test and other selective entrance exams, this book contains a huge range of questions at the level of the final tests. The book is divided into three sections. The first section focuses on training the child to have the correct mindset to help them gain confidence. The second section delves into the detail of each topic and provides examples as well as many questions to test their understanding. The third section consists of realistic assessment tests to improve their speed and accuracy across a wide range of questions. The detailed answers are included as pull-outs to this product.", "price": "6.99", "image_url": "https://i.ibb.co/549RHQV/11plus-vr.png", "image": "11plus-vr.png"}}, {"model": "products.product", "pk": 5, "fields": {"category": 2, "name": "KS2 Mathematics Workbook", "description": "Ideal for preparation in the run-up to the KS2 Maths SATs and state secondary school entrance exams for Maths. This book contains a huge range of questions at the level of the final tests. The book is divided into three sections. The first section focuses on training the child to have the correct mindset to help them gain confidence. The second section delves into the detail of each topic and provides examples as well as many questions to test their understanding. The third section consists of realistic assessment tests to improve their speed and accuracy across a wide range of questions. The detailed answers are included as pull-outs to this product.", "price": "6.99", "image_url": "https://i.ibb.co/HN3nRmz/ks2-maths.png", "image": "ks2-maths.png"}}, {"model": "products.product", "pk": 6, "fields": {"category": 2, "name": "KS2 English Workbook", "description": "Ideal for preparation in the run-up to the KS2 English SATs and state secondary school entrance exams for English. This book contains a huge range of questions at the level of the final tests. The book is divided into three sections. The first section focuses on training the child to have the correct mindset to help them gain confidence. The second section delves into the detail of each topic and provides examples as well as many questions to test their understanding. The third section consists of realistic assessment tests to improve their speed and accuracy across a wide range of questions. The detailed answers are included as pull-outs to this product.", "price": "6.99", "image_url": "https://i.ibb.co/RphX5D9/ks2-english.png", "image": "ks2-english.png"}}, {"model": "products.product", "pk": 7, "fields": {"category": 3, "name": "GCSE Biology Workbook", "description": "Ideal for preparation in the run-up to the GCSE Biology exams and coursework. Covers content from different exam boards. This book contains a huge range of questions at the level of the GCSE examinations. The book is divided into three sections. The first section focuses on training the student to have the correct mindset and study habits to help them gain confidence. The second section delves into the detail of each topic and provides examples as well as many questions to test their understanding. The third section consists of realistic assessment tests to improve their speed and accuracy across a wide range of questions. The detailed answers are included as pull-outs to this product.", "price": "9.99", "image_url": "https://i.ibb.co/wzG2ZK8/gcse-biology.png", "image": "gcse-biology.png"}}, {"model": "products.product", "pk": 8, "fields": {"category": 3, "name": "GCSE Business Studies Workbook", "description": "Ideal for preparation in the run-up to the GCSE Business Studies exams and coursework. Covers content from different exam boards. This book contains a huge range of questions at the level of the GCSE examinations. The book is divided into three sections. The first section focuses on training the student to have the correct mindset and study habits to help them gain confidence. The second section delves into the detail of each topic and provides examples as well as many questions to test their understanding. The third section consists of realistic assessment tests to improve their speed and accuracy across a wide range of questions. The detailed answers are included as pull-outs to this product.", "price": "9.99", "image_url": "https://i.ibb.co/ZHH0dkQ/gcse-business.png", "image": "gcse-business.png"}}, {"model": "products.product", "pk": 9, "fields": {"category": 3, "name": "GCSE Chemistry Workbook", "description": "Ideal for preparation in the run-up to the GCSE Chemistry exams and coursework. Covers content from different exam boards. This book contains a huge range of questions at the level of the GCSE examinations. The book is divided into three sections. The first section focuses on training the student to have the correct mindset and study habits to help them gain confidence. The second section delves into the detail of each topic and provides examples as well as many questions to test their understanding. The third section consists of realistic assessment tests to improve their speed and accuracy across a wide range of questions. The detailed answers are included as pull-outs to this product.", "price": "9.99", "image_url": "https://i.ibb.co/yYkMVV0/gcse-chemistry.png", "image": "gcse-chemistry.png"}}, {"model": "products.product", "pk": 10, "fields": {"category": 3, "name": "GCSE Computer Science Workbook", "description": "Ideal for preparation in the run-up to the GCSE Computer Science exams and coursework. Covers content from different exam boards. This book contains a huge range of questions at the level of the GCSE examinations. The book is divided into three sections. The first section focuses on training the student to have the correct mindset and study habits to help them gain confidence. The second section delves into the detail of each topic and provides examples as well as many questions to test their understanding. The third section consists of realistic assessment tests to improve their speed and accuracy across a wide range of questions. The detailed answers are included as pull-outs to this product.", "price": "9.99", "image_url": "https://i.ibb.co/P67zQwz/gcse-comp-sci.png", "image": "gcse-comp-sci.png"}}, {"model": "products.product", "pk": 11, "fields": {"category": 3, "name": "GCSE Economics Workbook", "description": "Ideal for preparation in the run-up to the GCSE Economics exams and coursework. Covers content from different exam boards. This book contains a huge range of questions at the level of the GCSE examinations. The book is divided into three sections. The first section focuses on training the student to have the correct mindset and study habits to help them gain confidence. The second section delves into the detail of each topic and provides examples as well as many questions to test their understanding. The third section consists of realistic assessment tests to improve their speed and accuracy across a wide range of questions. The detailed answers are included as pull-outs to this product.", "price": "9.99", "image_url": "https://i.ibb.co/V9zp4H2/gcse-economics.png", "image": "gcse-economics.png"}}, {"model": "products.product", "pk": 12, "fields": {"category": 3, "name": "GCSE French Workbook", "description": "Ideal for preparation in the run-up to the GCSE French exams and coursework. Covers content from different exam boards. This book contains a huge range of questions at the level of the GCSE examinations. The book is divided into three sections. The first section focuses on training the student to have the correct mindset and study habits to help them gain confidence. The second section delves into the detail of each topic and provides examples as well as many questions to test their understanding. The third section consists of realistic assessment tests to improve their speed and accuracy across a wide range of questions. The detailed answers are included as pull-outs to this product.", "price": "9.99", "image_url": "https://i.ibb.co/6svz96j/gcse-french.png", "image": "gcse-french.png"}}, {"model": "products.product", "pk": 13, "fields": {"category": 3, "name": "GCSE Mathematics Workbook", "description": "Ideal for preparation in the run-up to the GCSE Maths exams and coursework. Covers content from different exam boards. This book contains a huge range of questions at the level of the GCSE examinations. The book is divided into three sections. The first section focuses on training the student to have the correct mindset and study habits to help them gain confidence. The second section delves into the detail of each topic and provides examples as well as many questions to test their understanding. The third section consists of realistic assessment tests to improve their speed and accuracy across a wide range of questions. The detailed answers are included as pull-outs to this product.", "price": "9.99", "image_url": "https://i.ibb.co/4gjgStF/gcse-maths.png", "image": "gcse-maths.png"}}, {"model": "products.product", "pk": 14, "fields": {"category": 3, "name": "GCSE Spanish Workbook", "description": "Ideal for preparation in the run-up to the GCSE Spanish exams and coursework. Covers content from different exam boards. This book contains a huge range of questions at the level of the GCSE examinations. The book is divided into three sections. The first section focuses on training the student to have the correct mindset and study habits to help them gain confidence. The second section delves into the detail of each topic and provides examples as well as many questions to test their understanding. The third section consists of realistic assessment tests to improve their speed and accuracy across a wide range of questions. The detailed answers are included as pull-outs to this product.", "price": "9.99", "image_url": "https://i.ibb.co/6WmrF3V/gcse-spanish.png", "image": "gcse-spanish.png"}}, {"model": "products.product", "pk": 15, "fields": {"category": 3, "name": "GCSE Physics Workbook", "description": "Ideal for preparation in the run-up to the GCSE Physics exams and coursework. Covers content from different exam boards. This book contains a huge range of questions at the level of the GCSE examinations. The book is divided into three sections. The first section focuses on training the student to have the correct mindset and study habits to help them gain confidence. The second section delves into the detail of each topic and provides examples as well as many questions to test their understanding. The third section consists of realistic assessment tests to improve their speed and accuracy across a wide range of questions. The detailed answers are included as pull-outs to this product.", "price": "9.99", "image_url": "https://i.ibb.co/1Qgdr3C/gcse-physics.png", "image": "gcse-physics.png"}}, {"model": "products.product", "pk": 16, "fields": {"category": 4, "name": "A-Level Biology Workbook", "description": "Ideal for preparation in the run-up to the A-Level Biology exams and coursework. Covers content from different exam boards. This book contains a huge range of questions at the level of the A-Level examinations. The book is divided into three sections. The first section focuses on training the student to have the correct mindset and study habits to help them gain confidence. The second section delves into the detail of each topic and provides examples as well as many questions to test their understanding. The third section consists of realistic assessment tests to improve their speed and accuracy across a wide range of questions. The detailed answers are included as pull-outs to this product.", "price": "12.99", "image_url": "https://i.ibb.co/sC6MFtf/alevel-biology.png", "image": "alevel-biology.png"}}, {"model": "products.product", "pk": 17, "fields": {"category": 4, "name": "A-Level Business Studies Workbook", "description": "Ideal for preparation in the run-up to the A-Level Business Studies exams and coursework. Covers content from different exam boards. This book contains a huge range of questions at the level of the A-Level examinations. The book is divided into three sections. The first section focuses on training the student to have the correct mindset and study habits to help them gain confidence. The second section delves into the detail of each topic and provides examples as well as many questions to test their understanding. The third section consists of realistic assessment tests to improve their speed and accuracy across a wide range of questions. The detailed answers are included as pull-outs to this product.", "price": "12.99", "image_url": "https://i.ibb.co/2FcKXYP/alevel-business.png", "image": "alevel-business.png"}}, {"model": "products.product", "pk": 18, "fields": {"category": 4, "name": "A-Level Chemistry Workbook", "description": "Ideal for preparation in the run-up to the A-Level Chemistry exams and coursework. Covers content from different exam boards. This book contains a huge range of questions at the level of the A-Level examinations. The book is divided into three sections. The first section focuses on training the student to have the correct mindset and study habits to help them gain confidence. The second section delves into the detail of each topic and provides examples as well as many questions to test their understanding. The third section consists of realistic assessment tests to improve their speed and accuracy across a wide range of questions. The detailed answers are included as pull-outs to this product.", "price": "12.99", "image_url": "https://i.ibb.co/7tG7YV0/alevel-chemistry.png", "image": "alevel-chemistry.png"}}, {"model": "products.product", "pk": 19, "fields": {"category": 4, "name": "A-Level Computer Science Workbook", "description": "Ideal for preparation in the run-up to the A-Level Computer Science exams and coursework. Covers content from different exam boards. This book contains a huge range of questions at the level of the A-Level examinations. The book is divided into three sections. The first section focuses on training the student to have the correct mindset and study habits to help them gain confidence. The second section delves into the detail of each topic and provides examples as well as many questions to test their understanding. The third section consists of realistic assessment tests to improve their speed and accuracy across a wide range of questions. The detailed answers are included as pull-outs to this product.", "price": "12.99", "image_url": "https://i.ibb.co/rfHbWWN/alevel-comp-sci.png", "image": "alevel-comp-sci.png"}}, {"model": "products.product", "pk": 20, "fields": {"category": 4, "name": "A-Level Economics Workbook", "description": "Ideal for preparation in the run-up to the A-Level Economics exams and coursework. Covers content from different exam boards. This book contains a huge range of questions at the level of the A-Level examinations. The book is divided into three sections. The first section focuses on training the student to have the correct mindset and study habits to help them gain confidence. The second section delves into the detail of each topic and provides examples as well as many questions to test their understanding. The third section consists of realistic assessment tests to improve their speed and accuracy across a wide range of questions. The detailed answers are included as pull-outs to this product.", "price": "12.99", "image_url": "https://i.ibb.co/zbkrmjc/alevel-economics.png", "image": "alevel-economics.png"}}, {"model": "products.product", "pk": 21, "fields": {"category": 4, "name": "A-Level French Workbook", "description": "Ideal for preparation in the run-up to the A-Level French exams and coursework. Covers content from different exam boards. This book contains a huge range of questions at the level of the A-Level examinations. The book is divided into three sections. The first section focuses on training the student to have the correct mindset and study habits to help them gain confidence. The second section delves into the detail of each topic and provides examples as well as many questions to test their understanding. The third section consists of realistic assessment tests to improve their speed and accuracy across a wide range of questions. The detailed answers are included as pull-outs to this product.", "price": "12.99", "image_url": "https://i.ibb.co/nQbgxs9/alevel-french.png", "image": "alevel-french.png"}}, {"model": "products.product", "pk": 22, "fields": {"category": 4, "name": "A-Level Mathematics Workbook", "description": "Ideal for preparation in the run-up to the A-Level Maths exams and coursework. Covers content from different exam boards. This book contains a huge range of questions at the level of the A-Level examinations. The book is divided into three sections. The first section focuses on training the student to have the correct mindset and study habits to help them gain confidence. The second section delves into the detail of each topic and provides examples as well as many questions to test their understanding. The third section consists of realistic assessment tests to improve their speed and accuracy across a wide range of questions. The detailed answers are included as pull-outs to this product.", "price": "12.99", "image_url": "https://i.ibb.co/3Rqd7HK/alevel-maths.png", "image": "alevel-maths.png"}}, {"model": "products.product", "pk": 23, "fields": {"category": 4, "name": "A-Level Physics Workbook", "description": "Ideal for preparation in the run-up to the A-Level Physics exams and coursework. Covers content from different exam boards. This book contains a huge range of questions at the level of the A-Level examinations. The book is divided into three sections. The first section focuses on training the student to have the correct mindset and study habits to help them gain confidence. The second section delves into the detail of each topic and provides examples as well as many questions to test their understanding. The third section consists of realistic assessment tests to improve their speed and accuracy across a wide range of questions. The detailed answers are included as pull-outs to this product.", "price": "12.99", "image_url": "https://i.ibb.co/c6Nh6w7/alevel-physics.png", "image": "alevel-physics.png"}}, {"model": "products.product", "pk": 24, "fields": {"category": 4, "name": "A-Level Spanish Workbook", "description": "Ideal for preparation in the run-up to the A-Level Spanish exams and coursework. Covers content from different exam boards. This book contains a huge range of questions at the level of the A-Level examinations. The book is divided into three sections. The first section focuses on training the student to have the correct mindset and study habits to help them gain confidence. The second section delves into the detail of each topic and provides examples as well as many questions to test their understanding. The third section consists of realistic assessment tests to improve their speed and accuracy across a wide range of questions. The detailed answers are included as pull-outs to this product.", "price": "12.99", "image_url": "https://i.ibb.co/0qKcQFX/alevel-spanish.png", "image": "alevel-spanish.png"}}, {"model": "products.product", "pk": 25, "fields": {"category": 5, "name": "A4 Grid Notebook", "description": "This notebook provides 80 sheets of 80gsm A4 paper. Pages contain 5mm square perfect for mathematical equations, graphs, charts and scientific equations. Have a better experience drawing graphs with the faint aided lines for cleanliness and better clarity in drawing and viewing trends.", "price": "2.99", "image_url": "https://i.ibb.co/fpK8MPW/a4grid.png", "image": "a4grid.png"}}, {"model": "products.product", "pk": 26, "fields": {"category": 5, "name": "Document Holders (5-Pack)", "description": "This multi-coloured 5-pack is not only aesthetically appealing with its minimalistic design but also functions even better. It protects your documents from any sudden spills or if carried in the rain. Stay on top of your organisation (and for the visual learners: your colour-coordination) game with these products!", "price": "2.99", "image_url": "https://i.ibb.co/QX29W57/a4-doc-folders.png", "image": "a4-doc-folders.png"}}, {"model": "products.product", "pk": 27, "fields": {"category": 5, "name": "A4 Clipboard", "description": "Do you do any site work or attend countless meetings or extra classes and need to carry and contain documents together in a professional manner? If so, this the product for you! The leather covering allows it to be waterproof in the event of rain or snow and incase any liquid is spilled over. As long as your clipboard remains closed, this product protects your documents with a professional aesthetic.", "price": "2.99", "image_url": "https://i.ibb.co/pXY0WcL/a4-clipboard.png", "image": "a4-clipboard.png"}}, {"model": "products.product", "pk": 28, "fields": {"category": 5, "name": "StudyHaven Maths Geometry Set", "description": "A full maths set with a 180 protractor, two set squares, a 15cm ruler, two compasses, a 9cm pencil, a pencil sharpener, an eraser and a 10mm stencil. Guaranteed to be of use to your maths and science studies.", "price": "3.49", "image_url": "https://i.ibb.co/qNDTTg7/mathset.png", "image": "mathset.png"}}, {"model": "products.product", "pk": 29, "fields": {"category": 5, "name": "HB Pencil Set (12-Pack)", "description": "The best quality pencils to allow you to draw and write pages for your studies before it requires resharpening. The handwriting also rub out easily with an eraser.", "price": "4.99", "image_url": "https://i.ibb.co/bvZGmLZ/pencil-pack.png", "image": "pencil-pack.png"}}, {"model": "products.product", "pk": 30, "fields": {"category": 5, "name": "Highlighter Set (4-Pack)", "description": "Orange, pink, green and yellow pens in a wallet. Their wedge tips useful to draw broad lines, highlights and underlines. Distinctive flat barrel design to stop the pen from rolling away. Anti-Dry-Out 4 hour cap off time. Sold and priced per pack of 4 pens", "price": "2.49", "image_url": "https://i.ibb.co/mSZxFMH/highlighters.png", "image": "highlighters.png"}}, {"model": "products.product", "pk": 31, "fields": {"category": 5, "name": "Black Pen Set (32-Pack)", "description": "Perfect spherical medium tip (1.0mm), fine quality (0.4mm line width) black biro pens. No smudging and smooth writing. Quick drying and very resistant if in contact with liquid - simply pat dry and scribble on a scrap sheet of paper if necessary then continue your note-taking.", "price": "8.49", "image_url": "https://i.ibb.co/5MJpgQG/black-pen-pack.png", "image": "black-pen-pack.png"}}, {"model": "products.product", "pk": 32, "fields": {"category": 5, "name": "A4 Plastic Wallet Sleeves", "description": "300 x A4 clear plastic wallets, hole punched to also make it suitable for putting in folders. These wallet sleeves are well fitted and resistant to easy tear.", "price": "7.95", "image_url": "https://i.ibb.co/2sKccZx/a4-wallets.png", "image": "a4-wallets.png"}}, {"model": "products.product", "pk": 33, "fields": {"category": 5, "name": "A4 Ruled Notebook", "description": "Standard A4 ruled refill notebook/pad for general note-taking. Contains 160 pages, 70 GSM, feint line paper.", "price": "2.99", "image_url": "https://i.ibb.co/RDm96bN/a4ruled.png", "image": "a4ruled.png"}}, {"model": "products.product", "pk": 34, "fields": {"category": 5, "name": "A4 Plastic Folders (4-Pack)", "description": "Can contain up to 150 sheets of A4 paper. Its press stud closure feature helps keep contents secure. Waterproof due to the durable polypropylene. Transparency provides easy viewing of contents.", "price": "2.65", "image_url": "https://i.ibb.co/HnkGyGt/a4-plastic-folders.png", "image": "a4-plastic-folders.png"}}, {"model": "products.product", "pk": 35, "fields": {"category": 5, "name": "A4 Level Arch Files", "description": "A great solution for when your notes, files, documents or papers need more room than an ordinary A4 folder. Made from recycled material and is also recyclable upon disposal. Organised and modern appearance given with its colour and structure. Add section dividers to make this a solid filing system for any or your study notes, homework or coursework. Measurements are 315 x 288 x 70mm.", "price": "5.95", "image_url": "https://i.ibb.co/4t6ZNwq/a4-hard-folders.png", "image": "a4-hard-folders.png"}}, {"model": "products.product", "pk": 36, "fields": {"category": 5, "name": "A4 Weekly Planner", "description": "Our StudyHaven weekly planner is perfect: a calendar for your appointments, homework or deadlines and a notebook for your ideas, thoughts and to-do lists. It combines our favourite everyday items  in an effective and efficient way to offer maximum potential with more structure.", "price": "11.99", "image_url": "https://i.ibb.co/kGjD7Bw/a4planner.png", "image": "a4planner.png"}}, {"model": "products.product", "pk": 37, "fields": {"category": 5, "name": "A4 Plain Notebook", "description": "Perfect refill pad for any student as this product gives customers the opportuntity to express themselves and be creative with their note-taking. Despite StudyHaven specialising in STEM subjects, this product is very versatile in other subjects and hobbies due to its minimalism.", "price": "2.99", "image_url": "https://i.ibb.co/RcCpTsw/a4plain.png", "image": "a4plain.png"}}, {"model": "checkout.order", "pk": 94, "fields": {"order_number": "9CFE1C7FB67B40628DC3E2EB5D20DA78", "user_profile": null, "full_name": "qwerty", "email_address": "testemail@mail.com", "phone_number": "234567890", "country": "GB", "address_line1": "Test address", "address_line2": "tester line 2", "city_or_town": "New City", "postcode": "PO57 C0D3", "order_date": "2021-04-26T14:18:57.796Z", "order_total": "12.99", "delivery_cost": "2.75", "grand_total": "15.74", "original_bag": "{\"18\": 1}", "stripe_pi_id": ""}}, {"model": "checkout.order", "pk": 96, "fields": {"order_number": "48C8C1992B584D269CBC7F0D8FBD43E9", "user_profile": 1, "full_name": "New name", "email_address": "qwerty@email.com", "phone_number": "234567890", "country": "GB", "address_line1": "Test address", "address_line2": null, "city_or_town": "New City", "postcode": "PO57 C0D3", "order_date": "2021-04-27T01:17:38.252Z", "order_total": "5.98", "delivery_cost": "2.75", "grand_total": "8.73", "original_bag": "{\"26\": 2}", "stripe_pi_id": ""}}, {"model": "checkout.order", "pk": 98, "fields": {"order_number": "98BBD86394364644A65A3CB80AE42654", "user_profile": 2, "full_name": "Testytest", "email_address": "tester@test.com", "phone_number": "01234567890", "country": "AR", "address_line1": "New Address", "address_line2": null, "city_or_town": "New City", "postcode": "PO57 C0D3", "order_date": "2021-04-27T03:19:10.703Z", "order_total": "6.99", "delivery_cost": "2.75", "grand_total": "9.74", "original_bag": "{\"1\": 1}", "stripe_pi_id": ""}}, {"model": "checkout.order", "pk": 100, "fields": {"order_number": "26385DD6FEE64868A788C79904390176", "user_profile": 2, "full_name": "New name", "email_address": "qwerty@email.com", "phone_number": "234567890", "country": "GB", "address_line1": "Test address", "address_line2": null, "city_or_town": "New City", "postcode": "PO57 C0D3", "order_date": "2021-04-27T17:05:06.342Z", "order_total": "17.94", "delivery_cost": "2.75", "grand_total": "20.69", "original_bag": "{\"26\": 6}", "stripe_pi_id": ""}}, {"model": "checkout.order", "pk": 102, "fields": {"order_number": "C4C7594543F8443BA0DDAD0CCE219F8D", "user_profile": 1, "full_name": "New name", "email_address": "qwerty@email.com", "phone_number": "234567890", "country": "GB", "address_line1": "Test address", "address_line2": null, "city_or_town": "New City", "postcode": "PO57 C0D3", "order_date": "2021-04-27T18:32:27.142Z", "order_total": "19.98", "delivery_cost": "2.75", "grand_total": "22.73", "original_bag": "{\"15\": 2}", "stripe_pi_id": ""}}, {"model": "checkout.order", "pk": 104, "fields": {"order_number": "4EE081E341814341846380171427FB98", "user_profile": 1, "full_name": "New name", "email_address": "qwerty@email.com", "phone_number": "234567890", "country": "GB", "address_line1": "Test address", "address_line2": null, "city_or_town": "New City", "postcode": "PO57 C0D3", "order_date": "2021-04-27T18:57:53.128Z", "order_total": "13.98", "delivery_cost": "2.75", "grand_total": "16.73", "original_bag": "{\"2\": 2}", "stripe_pi_id": ""}}, {"model": "checkout.order", "pk": 105, "fields": {"order_number": "7AF3F854444C492A8BF1463753C3882D", "user_profile": 1, "full_name": "New name", "email_address": "qwerty@email.com", "phone_number": "234567890", "country": "GB", "address_line1": "Test address", "address_line2": null, "city_or_town": "New City", "postcode": "PO57 C0D3", "order_date": "2021-04-27T18:57:58.705Z", "order_total": "13.98", "delivery_cost": "2.75", "grand_total": "16.73", "original_bag": "{\"2\": 2}", "stripe_pi_id": "pi_1Ikw6JFpDro4uo9Wye1bLP7y"}}, {"model": "checkout.order", "pk": 106, "fields": {"order_number": "E912E604D3574403A9DF062274EE3747", "user_profile": 1, "full_name": "testy", "email_address": "jess.erhabor@gmail.com", "phone_number": "01234567890", "country": "GB", "address_line1": "wfeaew", "address_line2": "tester line 2", "city_or_town": "ewga", "postcode": "dvsfdg", "order_date": "2021-04-27T19:21:48.517Z", "order_total": "10.47", "delivery_cost": "2.75", "grand_total": "13.22", "original_bag": "{\"28\": 3}", "stripe_pi_id": "pi_1IkvWUFpDro4uo9Wdtcbznd5"}}, {"model": "checkout.order", "pk": 107, "fields": {"order_number": "0F19A0A98DE145178496E0A22D0A49BA", "user_profile": 1, "full_name": "testy", "email_address": "jess.erhabor@gmail.com", "phone_number": "01234567890", "country": "GB", "address_line1": "wfeaew", "address_line2": "tester line 2", "city_or_town": "ewga", "postcode": "dvsfdg", "order_date": "2021-04-27T19:57:17.924Z", "order_total": "6.99", "delivery_cost": "2.75", "grand_total": "9.74", "original_bag": "{\"2\": 1}", "stripe_pi_id": "pi_1IkuEOFpDro4uo9WvIr8lI8c"}}, {"model": "checkout.order", "pk": 108, "fields": {"order_number": "11FAC8C3AECB42B483D5F0038FB7F411", "user_profile": 1, "full_name": "testy", "email_address": "jess.erhabor@gmail.com", "phone_number": "01234567890", "country": "GB", "address_line1": "wfeaew", "address_line2": "tester line 2", "city_or_town": "ewga", "postcode": "dvsfdg", "order_date": "2021-04-27T20:00:37.595Z", "order_total": "2.99", "delivery_cost": "2.75", "grand_total": "5.74", "original_bag": "{\"26\": 1}", "stripe_pi_id": "pi_1IkuFOFpDro4uo9WiF2VBGRm"}}, {"model": "checkout.order", "pk": 109, "fields": {"order_number": "29C61BE80B4A416EB838484DDD8EB52E", "user_profile": null, "full_name": "John Smith", "email_address": "jjj@example.com", "phone_number": "8005551212", "country": "US", "address_line1": "15 Main St.", "address_line2": null, "city_or_town": "Boston", "postcode": "11005", "order_date": "2021-04-27T20:03:00.701Z", "order_total": "53.94", "delivery_cost": "0.00", "grand_total": "53.94", "original_bag": "{\"2\": 2, \"7\": 4}", "stripe_pi_id": ""}}, {"model": "checkout.order", "pk": 110, "fields": {"order_number": "845FB20C23DE45FF984EECB864D45C9E", "user_profile": null, "full_name": "John Smith", "email_address": "jjj@example.com", "phone_number": "8005551212", "country": "US", "address_line1": "15 Main St.", "address_line2": null, "city_or_town": "Boston", "postcode": "11005", "order_date": "2021-04-27T20:03:06.448Z", "order_total": "53.94", "delivery_cost": "0.00", "grand_total": "53.94", "original_bag": "{\"2\": 2, \"7\": 4}", "stripe_pi_id": "pi_1Ikx6mFpDro4uo9WmUlFFfI0"}}, {"model": "checkout.order", "pk": 111, "fields": {"order_number": "6E2417D7F46E4501B6C71A014CDC0CB8", "user_profile": 2, "full_name": "Testytest", "email_address": "tester@test.com", "phone_number": "01234567890", "country": "AR", "address_line1": "New Address", "address_line2": null, "city_or_town": "New City", "postcode": "PO57 C0D3", "order_date": "2021-04-27T22:01:04.795Z", "order_total": "6.99", "delivery_cost": "2.75", "grand_total": "9.74", "original_bag": "{\"2\": 1}", "stripe_pi_id": ""}}, {"model": "checkout.order", "pk": 112, "fields": {"order_number": "D887088EB6F9425AAA5CCEE51C7637B5", "user_profile": 2, "full_name": "Testytest", "email_address": "tester@test.com", "phone_number": "01234567890", "country": "AR", "address_line1": "New Address", "address_line2": null, "city_or_town": "New City", "postcode": "PO57 C0D3", "order_date": "2021-04-27T23:51:57.162Z", "order_total": "6.99", "delivery_cost": "2.75", "grand_total": "9.74", "original_bag": "{\"1\": 1}", "stripe_pi_id": ""}}, {"model": "checkout.order", "pk": 113, "fields": {"order_number": "2207D687D20A40F0BC13BC07EA6B9F3C", "user_profile": 2, "full_name": "Testytest", "email_address": "tester@test.com", "phone_number": "01234567890", "country": "AR", "address_line1": "New Address", "address_line2": null, "city_or_town": "New City", "postcode": "PO57 C0D3", "order_date": "2021-04-27T23:54:09.792Z", "order_total": "6.99", "delivery_cost": "2.75", "grand_total": "9.74", "original_bag": "{\"6\": 1}", "stripe_pi_id": ""}}, {"model": "checkout.order", "pk": 114, "fields": {"order_number": "AB3B5D2984C14387A1425BDC29B49C5E", "user_profile": 2, "full_name": "Testytest", "email_address": "tester@test.com", "phone_number": "01234567890", "country": "AR", "address_line1": "New Address", "address_line2": null, "city_or_town": "New City", "postcode": "PO57 C0D3", "order_date": "2021-04-27T23:55:31.775Z", "order_total": "29.97", "delivery_cost": "0.00", "grand_total": "29.97", "original_bag": "{\"2\": 1, \"18\": 1, \"7\": 1}", "stripe_pi_id": ""}}, {"model": "checkout.order", "pk": 115, "fields": {"order_number": "6E258182DF0E4C7D9A34BF25F212137A", "user_profile": 2, "full_name": "Testytest", "email_address": "tester@test.com", "phone_number": "01234567890", "country": "AR", "address_line1": "New Address", "address_line2": null, "city_or_town": "New City", "postcode": "PO57 C0D3", "order_date": "2021-04-28T00:07:38.654Z", "order_total": "9.99", "delivery_cost": "2.75", "grand_total": "12.74", "original_bag": "{\"11\": 1}", "stripe_pi_id": ""}}, {"model": "checkout.order", "pk": 116, "fields": {"order_number": "8980E6CD492846FE828BD1DC5F850699", "user_profile": 2, "full_name": "Testytest", "email_address": "tester@test.com", "phone_number": "01234567890", "country": "AR", "address_line1": "New Address", "address_line2": null, "city_or_town": "New City", "postcode": "PO57 C0D3", "order_date": "2021-04-28T00:07:44.231Z", "order_total": "9.99", "delivery_cost": "2.75", "grand_total": "12.74", "original_bag": "{\"11\": 1}", "stripe_pi_id": "pi_1Il0w7FpDro4uo9WoKJr2PUg"}}, {"model": "checkout.order", "pk": 117, "fields": {"order_number": "9F768B9463A74B1282D1606B7B873B97", "user_profile": 2, "full_name": "Testytest", "email_address": "tester@test.com", "phone_number": "01234567890", "country": "AR", "address_line1": "New Address", "address_line2": null, "city_or_town": "New City", "postcode": "PO57 C0D3", "order_date": "2021-04-28T00:19:43.811Z", "order_total": "9.99", "delivery_cost": "2.75", "grand_total": "12.74", "original_bag": "{\"9\": 1}", "stripe_pi_id": ""}}, {"model": "checkout.order", "pk": 118, "fields": {"order_number": "BD8227B2DF4D460EB8421BDA232DB323", "user_profile": 2, "full_name": "Testytest", "email_address": "tester@test.com", "phone_number": "01234567890", "country": "AR", "address_line1": "New Address", "address_line2": null, "city_or_town": "New City", "postcode": "PO57 C0D3", "order_date": "2021-04-28T00:19:49.519Z", "order_total": "9.99", "delivery_cost": "2.75", "grand_total": "12.74", "original_bag": "{\"9\": 1}", "stripe_pi_id": "pi_1Il17kFpDro4uo9WOZ5kr30U"}}, {"model": "checkout.order", "pk": 119, "fields": {"order_number": "B8B40791FC184E5D88B9CADB86044E45", "user_profile": 2, "full_name": "Testytest", "email_address": "tester@test.com", "phone_number": "01234567890", "country": "AR", "address_line1": "New Address", "address_line2": null, "city_or_town": "New City", "postcode": "PO57 C0D3", "order_date": "2021-04-28T00:21:53.384Z", "order_total": "2.99", "delivery_cost": "2.75", "grand_total": "5.74", "original_bag": "{\"26\": 1}", "stripe_pi_id": ""}}, {"model": "checkout.order", "pk": 120, "fields": {"order_number": "13ED4FCE2F934AC6B6D0E731C115326F", "user_profile": 2, "full_name": "Testytest", "email_address": "tester@test.com", "phone_number": "01234567890", "country": "AR", "address_line1": "New Address", "address_line2": null, "city_or_town": "New City", "postcode": "PO57 C0D3", "order_date": "2021-04-28T00:22:01.415Z", "order_total": "2.99", "delivery_cost": "2.75", "grand_total": "5.74", "original_bag": "{\"26\": 1}", "stripe_pi_id": "pi_1Il19rFpDro4uo9WKqTrcpX6"}}, {"model": "checkout.order", "pk": 121, "fields": {"order_number": "DC1EA58C0A28482FAE94D6AEE94E9400", "user_profile": 2, "full_name": "Testytest", "email_address": "tester@test.com", "phone_number": "01234567890", "country": "AR", "address_line1": "New Address", "address_line2": null, "city_or_town": "New City", "postcode": "PO57 C0D3", "order_date": "2021-04-28T00:23:20.189Z", "order_total": "7.95", "delivery_cost": "2.75", "grand_total": "10.70", "original_bag": "{\"32\": 1}", "stripe_pi_id": ""}}, {"model": "checkout.order", "pk": 122, "fields": {"order_number": "171BD62F3859466B8664B162746404E3", "user_profile": 2, "full_name": "Testytest", "email_address": "tester@test.com", "phone_number": "01234567890", "country": "AR", "address_line1": "New Address", "address_line2": null, "city_or_town": "New City", "postcode": "PO57 C0D3", "order_date": "2021-04-28T00:23:26.035Z", "order_total": "7.95", "delivery_cost": "2.75", "grand_total": "10.70", "original_bag": "{\"32\": 1}", "stripe_pi_id": "pi_1Il1BJFpDro4uo9W26lUIad2"}}, {"model": "checkout.order", "pk": 123, "fields": {"order_number": "4C67C8142ECF4C2582BBFBF342351D73", "user_profile": 2, "full_name": "Testytest", "email_address": "tester@test.com", "phone_number": "01234567890", "country": "AR", "address_line1": "New Address", "address_line2": null, "city_or_town": "New City", "postcode": "PO57 C0D3", "order_date": "2021-04-28T00:27:16.327Z", "order_total": "9.99", "delivery_cost": "2.75", "grand_total": "12.74", "original_bag": "{\"8\": 1}", "stripe_pi_id": ""}}, {"model": "checkout.order", "pk": 124, "fields": {"order_number": "0AE88C2BB15C422A8FB946855A3D0A21", "user_profile": 2, "full_name": "Testytest", "email_address": "tester@test.com", "phone_number": "01234567890", "country": "AR", "address_line1": "New Address", "address_line2": null, "city_or_town": "New City", "postcode": "PO57 C0D3", "order_date": "2021-04-28T00:28:32.450Z", "order_total": "13.98", "delivery_cost": "2.75", "grand_total": "16.73", "original_bag": "{\"2\": 2}", "stripe_pi_id": ""}}, {"model": "checkout.order", "pk": 125, "fields": {"order_number": "852ECEBF2000457DAD139E669B7E255C", "user_profile": 2, "full_name": "Testytest", "email_address": "tester@test.com", "phone_number": "01234567890", "country": "AR", "address_line1": "New Address", "address_line2": null, "city_or_town": "New City", "postcode": "PO57 C0D3", "order_date": "2021-04-28T00:29:39.621Z", "order_total": "11.99", "delivery_cost": "2.75", "grand_total": "14.74", "original_bag": "{\"36\": 1}", "stripe_pi_id": ""}}, {"model": "checkout.order", "pk": 126, "fields": {"order_number": "0EC741BBF16841F28CAE37D9A50D56FE", "user_profile": 2, "full_name": "Testytest", "email_address": "tester@test.com", "phone_number": "01234567890", "country": "AR", "address_line1": "New Address", "address_line2": null, "city_or_town": "New City", "postcode": "PO57 C0D3", "order_date": "2021-04-28T00:29:45.526Z", "order_total": "11.99", "delivery_cost": "2.75", "grand_total": "14.74", "original_bag": "{\"36\": 1}", "stripe_pi_id": "pi_1Il1HTFpDro4uo9WYewLEy6R"}}, {"model": "checkout.order", "pk": 127, "fields": {"order_number": "CE9FB93C4DD2439E9AA0CE4BE55122E4", "user_profile": 2, "full_name": "Testytest", "email_address": "tester@test.com", "phone_number": "01234567890", "country": "AR", "address_line1": "New Address", "address_line2": null, "city_or_town": "New City", "postcode": "PO57 C0D3", "order_date": "2021-04-28T01:01:08.517Z", "order_total": "6.99", "delivery_cost": "2.75", "grand_total": "9.74", "original_bag": "{\"3\": 1}", "stripe_pi_id": ""}}, {"model": "checkout.order", "pk": 128, "fields": {"order_number": "67D547EDDBEC41ECBBD5D9890A8075B2", "user_profile": 2, "full_name": "Testytest", "email_address": "tester@test.com", "phone_number": "01234567890", "country": "AR", "address_line1": "New Address", "address_line2": null, "city_or_town": "New City", "postcode": "PO57 C0D3", "order_date": "2021-04-28T01:01:14.332Z", "order_total": "6.99", "delivery_cost": "2.75", "grand_total": "9.74", "original_bag": "{\"3\": 1}", "stripe_pi_id": "pi_1Il1lrFpDro4uo9WRes2AjrZ"}}, {"model": "checkout.order", "pk": 129, "fields": {"order_number": "2E4994E272224F3F8A823870A8F8D964", "user_profile": 2, "full_name": "Testytest", "email_address": "tester@test.com", "phone_number": "01234567890", "country": "AR", "address_line1": "New Address", "address_line2": null, "city_or_town": "New City", "postcode": "PO57 C0D3", "order_date": "2021-04-28T01:02:31.425Z", "order_total": "6.99", "delivery_cost": "2.75", "grand_total": "9.74", "original_bag": "{\"3\": 1}", "stripe_pi_id": ""}}, {"model": "checkout.order", "pk": 130, "fields": {"order_number": "5E1CE61748894791ADDADE0B3CDECDED", "user_profile": 2, "full_name": "Testytest", "email_address": "tester@test.com", "phone_number": "01234567890", "country": "AR", "address_line1": "New Address", "address_line2": null, "city_or_town": "New City", "postcode": "PO57 C0D3", "order_date": "2021-04-28T01:02:37.242Z", "order_total": "6.99", "delivery_cost": "2.75", "grand_total": "9.74", "original_bag": "{\"3\": 1}", "stripe_pi_id": "pi_1Il1nGFpDro4uo9W7rKG49VZ"}}, {"model": "checkout.order", "pk": 131, "fields": {"order_number": "B146DB9261404279ABD63D3B5FC6666D", "user_profile": 2, "full_name": "Testytest", "email_address": "tester@test.com", "phone_number": "01234567890", "country": "AR", "address_line1": "New Address", "address_line2": null, "city_or_town": "New City", "postcode": "PO57 C0D3", "order_date": "2021-04-28T01:13:42.201Z", "order_total": "3.49", "delivery_cost": "2.75", "grand_total": "6.24", "original_bag": "{\"28\": 1}", "stripe_pi_id": ""}}, {"model": "checkout.order", "pk": 132, "fields": {"order_number": "C6357EA046F94B9F8AFF5604985EF4AA", "user_profile": 2, "full_name": "Testytest", "email_address": "tester@test.com", "phone_number": "01234567890", "country": "AR", "address_line1": "New Address", "address_line2": null, "city_or_town": "New City", "postcode": "PO57 C0D3", "order_date": "2021-04-28T01:13:47.958Z", "order_total": "3.49", "delivery_cost": "2.75", "grand_total": "6.24", "original_bag": "{\"28\": 1}", "stripe_pi_id": "pi_1Il1y5FpDro4uo9WvAION28w"}}, {"model": "checkout.order", "pk": 133, "fields": {"order_number": "855D66EE349746E6BC5DF917CC7E5F5E", "user_profile": 2, "full_name": "Testytest", "email_address": "tester@test.com", "phone_number": "01234567890", "country": "AR", "address_line1": "New Address", "address_line2": null, "city_or_town": "New City", "postcode": "PO57 C0D3", "order_date": "2021-04-28T01:17:50.214Z", "order_total": "6.99", "delivery_cost": "2.75", "grand_total": "9.74", "original_bag": "{\"6\": 1}", "stripe_pi_id": ""}}, {"model": "checkout.order", "pk": 134, "fields": {"order_number": "469042CEFBFB45AF96D18A07851740E8", "user_profile": 2, "full_name": "Testytest", "email_address": "tester@test.com", "phone_number": "01234567890", "country": "AR", "address_line1": "New Address", "address_line2": null, "city_or_town": "New City", "postcode": "PO57 C0D3", "order_date": "2021-04-28T01:17:56.125Z", "order_total": "6.99", "delivery_cost": "2.75", "grand_total": "9.74", "original_bag": "{\"6\": 1}", "stripe_pi_id": "pi_1Il226FpDro4uo9Wx4gPVgC8"}}, {"model": "checkout.order", "pk": 135, "fields": {"order_number": "258F34AEE8BD4DBDB14B7B3ABFE0EA9E", "user_profile": 2, "full_name": "Testytest", "email_address": "tester@test.com", "phone_number": "01234567890", "country": "AR", "address_line1": "New Address", "address_line2": null, "city_or_town": "New City", "postcode": "PO57 C0D3", "order_date": "2021-04-28T01:27:55.211Z", "order_total": "9.99", "delivery_cost": "2.75", "grand_total": "12.74", "original_bag": "{\"8\": 1}", "stripe_pi_id": "pi_1Il1F7FpDro4uo9WJUIU0X1T"}}, {"model": "checkout.order", "pk": 136, "fields": {"order_number": "91BD3B7998AA4641BCB123891024731A", "user_profile": 2, "full_name": "Testytest", "email_address": "tester@test.com", "phone_number": "01234567890", "country": "AR", "address_line1": "New Address", "address_line2": null, "city_or_town": "New City", "postcode": "PO57 C0D3", "order_date": "2021-04-28T01:28:11.717Z", "order_total": "13.98", "delivery_cost": "2.75", "grand_total": "16.73", "original_bag": "{\"2\": 2}", "stripe_pi_id": "pi_1Il1GLFpDro4uo9WZ3OGKGYi"}}, {"model": "checkout.order", "pk": 137, "fields": {"order_number": "0E074D47726B4652BA5BE494796675A6", "user_profile": 2, "full_name": "Testytest", "email_address": "tester@test.com", "phone_number": "01234567890", "country": "AR", "address_line1": "New Address", "address_line2": null, "city_or_town": "New City", "postcode": "PO57 C0D3", "order_date": "2021-04-28T01:29:15.617Z", "order_total": "6.99", "delivery_cost": "2.75", "grand_total": "9.74", "original_bag": "{\"3\": 1}", "stripe_pi_id": "pi_1Il2D7FpDro4uo9W8d6kxxj1"}}, {"model": "checkout.order", "pk": 138, "fields": {"order_number": "B33E319EC984409FAC9D1DABEAE52BDF", "user_profile": null, "full_name": "testy test", "email_address": "tester@test.com", "phone_number": "01234567890", "country": "GB", "address_line1": "wfeaew", "address_line2": null, "city_or_town": "ewga", "postcode": "dvsfdg", "order_date": "2021-04-28T17:59:24.198Z", "order_total": "18.97", "delivery_cost": "2.75", "grand_total": "21.72", "original_bag": "{\"16\": 1, \"26\": 1, \"25\": 1}", "stripe_pi_id": "pi_1IlHf8FpDro4uo9W7jud0GMG"}}, {"model": "checkout.eachlineorder", "pk": 108, "fields": {"product": 18, "quantity": 1, "order": 94, "product_order_total": "12.99"}}, {"model": "checkout.eachlineorder", "pk": 110, "fields": {"product": 26, "quantity": 2, "order": 96, "product_order_total": "5.98"}}, {"model": "checkout.eachlineorder", "pk": 112, "fields": {"product": 1, "quantity": 1, "order": 98, "product_order_total": "6.99"}}, {"model": "checkout.eachlineorder", "pk": 114, "fields": {"product": 26, "quantity": 6, "order": 100, "product_order_total": "17.94"}}, {"model": "checkout.eachlineorder", "pk": 116, "fields": {"product": 15, "quantity": 2, "order": 102, "product_order_total": "19.98"}}, {"model": "checkout.eachlineorder", "pk": 118, "fields": {"product": 2, "quantity": 2, "order": 104, "product_order_total": "13.98"}}, {"model": "checkout.eachlineorder", "pk": 119, "fields": {"product": 2, "quantity": 2, "order": 105, "product_order_total": "13.98"}}, {"model": "checkout.eachlineorder", "pk": 120, "fields": {"product": 28, "quantity": 3, "order": 106, "product_order_total": "10.47"}}, {"model": "checkout.eachlineorder", "pk": 121, "fields": {"product": 2, "quantity": 1, "order": 107, "product_order_total": "6.99"}}, {"model": "checkout.eachlineorder", "pk": 122, "fields": {"product": 26, "quantity": 1, "order": 108, "product_order_total": "2.99"}}, {"model": "checkout.eachlineorder", "pk": 123, "fields": {"product": 2, "quantity": 2, "order": 109, "product_order_total": "13.98"}}, {"model": "checkout.eachlineorder", "pk": 124, "fields": {"product": 7, "quantity": 4, "order": 109, "product_order_total": "39.96"}}, {"model": "checkout.eachlineorder", "pk": 125, "fields": {"product": 2, "quantity": 2, "order": 110, "product_order_total": "13.98"}}, {"model": "checkout.eachlineorder", "pk": 126, "fields": {"product": 7, "quantity": 4, "order": 110, "product_order_total": "39.96"}}, {"model": "checkout.eachlineorder", "pk": 127, "fields": {"product": 2, "quantity": 1, "order": 111, "product_order_total": "6.99"}}, {"model": "checkout.eachlineorder", "pk": 128, "fields": {"product": 1, "quantity": 1, "order": 112, "product_order_total": "6.99"}}, {"model": "checkout.eachlineorder", "pk": 129, "fields": {"product": 6, "quantity": 1, "order": 113, "product_order_total": "6.99"}}, {"model": "checkout.eachlineorder", "pk": 130, "fields": {"product": 2, "quantity": 1, "order": 114, "product_order_total": "6.99"}}, {"model": "checkout.eachlineorder", "pk": 131, "fields": {"product": 18, "quantity": 1, "order": 114, "product_order_total": "12.99"}}, {"model": "checkout.eachlineorder", "pk": 132, "fields": {"product": 7, "quantity": 1, "order": 114, "product_order_total": "9.99"}}, {"model": "checkout.eachlineorder", "pk": 133, "fields": {"product": 11, "quantity": 1, "order": 115, "product_order_total": "9.99"}}, {"model": "checkout.eachlineorder", "pk": 134, "fields": {"product": 11, "quantity": 1, "order": 116, "product_order_total": "9.99"}}, {"model": "checkout.eachlineorder", "pk": 135, "fields": {"product": 9, "quantity": 1, "order": 117, "product_order_total": "9.99"}}, {"model": "checkout.eachlineorder", "pk": 136, "fields": {"product": 9, "quantity": 1, "order": 118, "product_order_total": "9.99"}}, {"model": "checkout.eachlineorder", "pk": 137, "fields": {"product": 26, "quantity": 1, "order": 119, "product_order_total": "2.99"}}, {"model": "checkout.eachlineorder", "pk": 138, "fields": {"product": 26, "quantity": 1, "order": 120, "product_order_total": "2.99"}}, {"model": "checkout.eachlineorder", "pk": 139, "fields": {"product": 32, "quantity": 1, "order": 121, "product_order_total": "7.95"}}, {"model": "checkout.eachlineorder", "pk": 140, "fields": {"product": 32, "quantity": 1, "order": 122, "product_order_total": "7.95"}}, {"model": "checkout.eachlineorder", "pk": 141, "fields": {"product": 8, "quantity": 1, "order": 123, "product_order_total": "9.99"}}, {"model": "checkout.eachlineorder", "pk": 142, "fields": {"product": 2, "quantity": 2, "order": 124, "product_order_total": "13.98"}}, {"model": "checkout.eachlineorder", "pk": 143, "fields": {"product": 36, "quantity": 1, "order": 125, "product_order_total": "11.99"}}, {"model": "checkout.eachlineorder", "pk": 144, "fields": {"product": 36, "quantity": 1, "order": 126, "product_order_total": "11.99"}}, {"model": "checkout.eachlineorder", "pk": 145, "fields": {"product": 3, "quantity": 1, "order": 127, "product_order_total": "6.99"}}, {"model": "checkout.eachlineorder", "pk": 146, "fields": {"product": 3, "quantity": 1, "order": 128, "product_order_total": "6.99"}}, {"model": "checkout.eachlineorder", "pk": 147, "fields": {"product": 3, "quantity": 1, "order": 129, "product_order_total": "6.99"}}, {"model": "checkout.eachlineorder", "pk": 148, "fields": {"product": 3, "quantity": 1, "order": 130, "product_order_total": "6.99"}}, {"model": "checkout.eachlineorder", "pk": 149, "fields": {"product": 28, "quantity": 1, "order": 131, "product_order_total": "3.49"}}, {"model": "checkout.eachlineorder", "pk": 150, "fields": {"product": 28, "quantity": 1, "order": 132, "product_order_total": "3.49"}}, {"model": "checkout.eachlineorder", "pk": 151, "fields": {"product": 6, "quantity": 1, "order": 133, "product_order_total": "6.99"}}, {"model": "checkout.eachlineorder", "pk": 152, "fields": {"product": 6, "quantity": 1, "order": 134, "product_order_total": "6.99"}}, {"model": "checkout.eachlineorder", "pk": 153, "fields": {"product": 8, "quantity": 1, "order": 135, "product_order_total": "9.99"}}, {"model": "checkout.eachlineorder", "pk": 154, "fields": {"product": 2, "quantity": 2, "order": 136, "product_order_total": "13.98"}}, {"model": "checkout.eachlineorder", "pk": 155, "fields": {"product": 3, "quantity": 1, "order": 137, "product_order_total": "6.99"}}, {"model": "checkout.eachlineorder", "pk": 156, "fields": {"product": 16, "quantity": 1, "order": 138, "product_order_total": "12.99"}}, {"model": "checkout.eachlineorder", "pk": 157, "fields": {"product": 26, "quantity": 1, "order": 138, "product_order_total": "2.99"}}, {"model": "checkout.eachlineorder", "pk": 158, "fields": {"product": 25, "quantity": 1, "order": 138, "product_order_total": "2.99"}}, {"model": "profiles.userprofile", "pk": 1, "fields": {"user": 1, "default_full_name": "testy", "default_email_address": "jess.erhabor@gmail.com", "default_phone_number": "01234567890", "default_country": "GB", "default_address_line1": "wfeaew", "default_address_line2": "tester line 2", "default_city_or_town": "ewga", "default_postcode": "dvsfdg"}}, {"model": "profiles.userprofile", "pk": 2, "fields": {"user": 2, "default_full_name": "Testytest", "default_email_address": "tester@test.com", "default_phone_number": "01234567890", "default_country": "AR", "default_address_line1": "New Address", "default_address_line2": null, "default_city_or_town": "New City", "default_postcode": "PO57 C0D3"}}, {"model": "profiles.userprofile", "pk": 3, "fields": {"user": 3, "default_full_name": "", "default_email_address": "", "default_phone_number": "", "default_country": null, "default_address_line1": "", "default_address_line2": "", "default_city_or_town": "", "default_postcode": ""}}, {"model": "tutoring.tutoringrate", "pk": 1, "fields": {"subject": "11 Plus", "price": 15}}, {"model": "tutoring.tutoringrate", "pk": 2, "fields": {"subject": "KS2", "price": 15}}, {"model": "tutoring.tutoringrate", "pk": 3, "fields": {"subject": "GCSE", "price": 20}}, {"model": "tutoring.tutoringrate", "pk": 4, "fields": {"subject": "A-Level", "price": 25}}, {"model": "faqs.faq", "pk": 1, "fields": {"question": "Can products be shipped internationally?", "answer": "Yes! Please fill in the checkout form correctly with your shipping details and we will send it to you within 2 weeks."}}, {"model": "faqs.faq", "pk": 2, "fields": {"question": "Do tutors teach internationally?", "answer": "All of our tutors are based in the United Kingdom so although we tutor students internationally, please note that all lessons will be held using the GMT (from October to March) and BST (from March to October) time zones. All times will be confirmed during your consultation as well as in an email after confirmation of payment for the lessons."}}, {"model": "faqs.faq", "pk": 3, "fields": {"question": "I bought the wrong product, what should I do?", "answer": "No problem, we understand that this can happen. Please contact us as soon as possible at studyhavenltd@gmail.com. Please ensure that the product is still in its new condition."}}, {"model": "faqs.faq", "pk": 4, "fields": {"question": "How do I refund a product?", "answer": "We are sorry that our product did not suit your needs. Please contact us within 7 days of purchase at studyhavenltd@gmail.com."}}, {"model": "faqs.faq", "pk": 5, "fields": {"question": "Do you have discount codes?", "answer": "Yes but our discount codes are only offered to registered users who have opted in to our mailing list. If you have not signed up, click Register below in the footer or click My Account at the top and then Register, to never miss our special deals!"}}, {"model": "faqs.faq", "pk": 6, "fields": {"question": "How long will it take to receive my order after purchase?", "answer": "Please allow 3-5 days for UK shipping. For International shipping, please allow up to 2 weeks. If you still haven't received your order past these durations, please contact us at studyhavenltd@gmail.com."}}]