[{"model": "admin.logentry", "pk": 1, "fields": {"action_time": "2021-04-27T16:43:49.823Z", "user": 1, "content_type": 8, "object_id": "1", "object_repr": "jess.erhabor@gmail.com", "action_flag": 2, "change_message": "[{\"changed\": {\"fields\": [\"Verified\", \"Primary\"]}}]"}}, {"model": "admin.logentry", "pk": 2, "fields": {"action_time": "2021-04-29T02:31:06.790Z", "user": 1, "content_type": 15, "object_id": "10", "object_repr": "E8D4EEA551654AC4B8A486239C0DAE81", "action_flag": 3, "change_message": ""}}, {"model": "admin.logentry", "pk": 3, "fields": {"action_time": "2021-04-29T02:31:06.813Z", "user": 1, "content_type": 15, "object_id": "9", "object_repr": "E916291848EE481FB9ADE4457961DF95", "action_flag": 3, "change_message": ""}}, {"model": "admin.logentry", "pk": 4, "fields": {"action_time": "2021-04-29T02:31:06.835Z", "user": 1, "content_type": 15, "object_id": "8", "object_repr": "21EDEA2F602C44549A98FEDE76502542", "action_flag": 3, "change_message": ""}}, {"model": "admin.logentry", "pk": 5, "fields": {"action_time": "2021-04-29T02:31:06.856Z", "user": 1, "content_type": 15, "object_id": "7", "object_repr": "1E5DC2240453448B9440C62A31E51ABA", "action_flag": 3, "change_message": ""}}, {"model": "admin.logentry", "pk": 6, "fields": {"action_time": "2021-04-29T02:31:06.878Z", "user": 1, "content_type": 15, "object_id": "6", "object_repr": "CD074B36C22E43A99BCE65D66B00CF74", "action_flag": 3, "change_message": ""}}, {"model": "admin.logentry", "pk": 7, "fields": {"action_time": "2021-04-29T02:31:06.901Z", "user": 1, "content_type": 15, "object_id": "5", "object_repr": "6E154837B69E46BDA6E93269603B3563", "action_flag": 3, "change_message": ""}}, {"model": "admin.logentry", "pk": 8, "fields": {"action_time": "2021-04-29T02:31:06.923Z", "user": 1, "content_type": 15, "object_id": "4", "object_repr": "63B73D03015A444BB3AB661F7B9242FA", "action_flag": 3, "change_message": ""}}, {"model": "admin.logentry", "pk": 9, "fields": {"action_time": "2021-04-29T02:31:06.944Z", "user": 1, "content_type": 15, "object_id": "3", "object_repr": "8766557805C745F9AD0F7EA8D6F89AFA", "action_flag": 3, "change_message": ""}}, {"model": "admin.logentry", "pk": 10, "fields": {"action_time": "2021-04-29T02:31:06.966Z", "user": 1, "content_type": 15, "object_id": "2", "object_repr": "5EB0406B49904A37A142BC3E1A43D39D", "action_flag": 3, "change_message": ""}}, {"model": "admin.logentry", "pk": 11, "fields": {"action_time": "2021-04-29T02:31:06.988Z", "user": 1, "content_type": 15, "object_id": "1", "object_repr": "0CF22205E4094DB3A4791FBB01DD2FA3", "action_flag": 3, "change_message": ""}}, {"model": "auth.user", "pk": 1, "fields": {"password": "pbkdf2_sha256$260000$QSfYVHNU5byha7h37hdTWf$gIcBfI3bXXlzWu4QGwdakjBr/E5vo0hp0ZmUARxV1Q4=", "last_login": "2021-04-29T02:30:53.063Z", "is_superuser": true, "username": "jerhabor", "first_name": "", "last_name": "", "email": "jess.erhabor@gmail.com", "is_staff": true, "is_active": true, "date_joined": "2021-04-27T13:57:21.533Z", "groups": [], "user_permissions": []}}, {"model": "auth.user", "pk": 2, "fields": {"password": "pbkdf2_sha256$260000$8Z30K5HioHxkQZ398tEd8m$ybU5bxuy5+g/ZaBSL4kMCBsOC6D/CdqvpHoiCCoALoY=", "last_login": null, "is_superuser": false, "username": "senel300", "first_name": "", "last_name": "", "email": "senel300@senel.com", "is_staff": false, "is_active": true, "date_joined": "2021-04-27T23:06:33.376Z", "groups": [], "user_permissions": []}}, {"model": "auth.user", "pk": 3, "fields": {"password": "pbkdf2_sha256$260000$OLh8AakT2qSIAktzJbTyr4$kptDnDjMpU/ncvQh01r4y8xIIplEXndiXdlcM2iAJbU=", "last_login": "2021-04-28T12:14:50.953Z", "is_superuser": false, "username": "fiwit41768", "first_name": "", "last_name": "", "email": "fiwit41768@yehudabx.com", "is_staff": false, "is_active": true, "date_joined": "2021-04-28T12:13:53.405Z", "groups": [], "user_permissions": []}}, {"model": "sessions.session", "pk": "8uwxi9z2joamaj39y0acucsgfsy9rgy2", "fields": {"session_data": ".eJxVjMEOwiAQRP-FsyELtKzt0bvfQBaWWtSAKW2iMf67bdKDHuYy8-a9haNlHt1S4-QSi14ocfjtPIVbzNvAV8qXIkPJ85S83BC5r1WeC8f7aWf_BCPVcX1rbJXSTEPHyLAGO4sNNTpYDaCsMaSMxuDRtt4ANt4eV7sdwDAA4CatsdZUsovPR5peoofPF1BzPgM:1lbt9R:7yXYKnx_Ow6i5CNjRMItyrwewRJZVrS9NxTp1vf9an0", "expire_date": "2021-05-12T22:59:25.070Z"}}, {"model": "sessions.session", "pk": "btyqc6xeleg1nqtucffbxypgwhg4k67z", "fields": {"session_data": "eyJiYWciOnsiNSI6M30sImFjY291bnRfdmVyaWZpZWRfZW1haWwiOm51bGwsImFjY291bnRfdXNlciI6IjIifQ:1lbquN:_NX3ssmTpY3G8SZNFOtIgwX3qT9qfPiXMIpHfKagtSM", "expire_date": "2021-05-12T20:35:43.990Z"}}, {"model": "sessions.session", "pk": "rjqhunrb0jxhmwwtq5q0qhsr0vcxz4lb", "fields": {"session_data": ".eJxVjcsOwiAQRf-FtSEDtIx26d5vIMOjFjXUADUa479Lk266uJv7OPfLTAmlxDmZ8H7G_GEDHJihpU5mKSGb6NnABNt5ltw9pDXwN0rXmbs51RwtXyt8Swu_zD48zlt3B5ioTG0tsRdCehpPHj004UljR510WgIIrRQJJdFZ1L1VgJ3Vx0bXIygPANighV7BrPfkKhtqXsLvDwg-RWc:1lbViA:HWzVoBCxWwYnGc21fhL9CyyopJ5Otpht4W370UuYFIc", "expire_date": "2021-05-11T21:57:42.426Z"}}, {"model": "sessions.session", "pk": "xn14hz842c9s7762ditxhenmkbjmtxux", "fields": {"session_data": "eyJiYWciOnt9fQ:1lbf97:Q4SvNluBCumyQuYJBymUOAeaIGGWcp4--7dGVozes_k", "expire_date": "2021-05-12T08:02:09.650Z"}}, {"model": "sessions.session", "pk": "yuc2vxyxrqgwcs7ybniv77dtgiukmkr7", "fields": {"session_data": ".eJxVjEEOwiAQRe_C2hBopzC4dO8ZyAxDpWpKUtqV8e7apAvd_vfef6lI21ri1vISJ1FnZdXpd2NKjzzvQO4036pOdV6XifWu6IM2fa2Sn5fD_Tso1Mq3BgxjGMCQcBCh1A8gPufR9wTcOUDXMSP7IIiORIwVMNZiB0Do0Kv3B_IUN7Y:1lbwSK:5_fKHopx3rfXioX2nbDdzfe3v4nLfyD8_TkB8iCvCdY", "expire_date": "2021-05-13T02:31:08.330Z"}}, {"model": "sites.site", "pk": 1, "fields": {"domain": "example.com", "name": "example.com"}}, {"model": "account.emailaddress", "pk": 1, "fields": {"user": 1, "email": "jess.erhabor@gmail.com", "verified": true, "primary": true}}, {"model": "account.emailaddress", "pk": 2, "fields": {"user": 2, "email": "senel300@senel.com", "verified": false, "primary": true}}, {"model": "account.emailaddress", "pk": 3, "fields": {"user": 3, "email": "fiwit41768@yehudabx.com", "verified": true, "primary": true}}, {"model": "products.category", "pk": 1, "fields": {"name": "11plus-workbooks", "shop_name": "11+ Workbooks"}}, {"model": "products.category", "pk": 2, "fields": {"name": "ks2-workbooks", "shop_name": "KS2 Workbooks"}}, {"model": "products.category", "pk": 3, "fields": {"name": "gcse-workbooks", "shop_name": "GCSE Workbooks"}}, {"model": "products.category", "pk": 4, "fields": {"name": "a-level-workbooks", "shop_name": "A-Level Workbooks"}}, {"model": "products.category", "pk": 5, "fields": {"name": "stationery", "shop_name": "Stationery"}}, {"model": "products.product", "pk": 1, "fields": {"category": 1, "name": "11+ English Workbook", "description": "Ideal for preparation in the run-up to the 11+ English test and other selective entrance exams, this book contains a huge range of questions at the level of the final tests. The book is divided into three sections. The first section focuses on training the child to have the correct mindset to help them gain confidence. The second section delves into the detail of each topic and provides examples as well as many questions to test their understanding. The third section consists of realistic assessment tests to improve their speed and accuracy across a wide range of questions. The detailed answers are included as pull-outs to this product.", "price": "6.99", "image_url": "https://i.ibb.co/QQgkSKj/11plus-english.png", "image": "11plus-english.png"}}, {"model": "products.product", "pk": 2, "fields": {"category": 1, "name": "11+ Mathematics Workbook", "description": "Ideal for preparation in the run-up to the 11+ Maths test and other selective entrance exams, this book contains a huge range of questions at the level of the final tests. The book is divided into three sections. The first section focuses on training the child to have the correct mindset to help them gain confidence. The second section delves into the detail of each topic and provides examples as well as many questions to test their understanding. The third section consists of realistic assessment tests to improve their speed and accuracy across a wide range of questions. The detailed answers are included as pull-outs to this product.", "price": "6.99", "image_url": "https://i.ibb.co/SQs9mVS/11plus-maths.png", "image": "11plus-maths.png"}}, {"model": "products.product", "pk": 3, "fields": {"category": 1, "name": "11+ Non-Verbal Reasoning Workbook", "description": "Ideal for preparation in the run-up to the 11+ Non-Verbal Reasoning test and other selective entrance exams, this book contains a huge range of questions at the level of the final tests. The book is divided into three sections. The first section focuses on training the child to have the correct mindset to help them gain confidence. The second section delves into the detail of each topic and provides examples as well as many questions to test their understanding. The third section consists of realistic assessment tests to improve their speed and accuracy across a wide range of questions. The detailed answers are included as pull-outs to this product.", "price": "6.99", "image_url": "https://i.ibb.co/jGBCnpK/11plus-nvr.png", "image": "11plus-nvr.png"}}, {"model": "products.product", "pk": 4, "fields": {"category": 1, "name": "11+ Verbal Reasoning Workbook", "description": "Ideal for preparation in the run-up to the 11+ Verbal Reasoning test and other selective entrance exams, this book contains a huge range of questions at the level of the final tests. The book is divided into three sections. The first section focuses on training the child to have the correct mindset to help them gain confidence. The second section delves into the detail of each topic and provides examples as well as many questions to test their understanding. The third section consists of realistic assessment tests to improve their speed and accuracy across a wide range of questions. The detailed answers are included as pull-outs to this product.", "price": "6.99", "image_url": "https://i.ibb.co/549RHQV/11plus-vr.png", "image": "11plus-vr.png"}}, {"model": "products.product", "pk": 5, "fields": {"category": 2, "name": "KS2 Mathematics Workbook", "description": "Ideal for preparation in the run-up to the KS2 Maths SATs and state secondary school entrance exams for Maths. This book contains a huge range of questions at the level of the final tests. The book is divided into three sections. The first section focuses on training the child to have the correct mindset to help them gain confidence. The second section delves into the detail of each topic and provides examples as well as many questions to test their understanding. The third section consists of realistic assessment tests to improve their speed and accuracy across a wide range of questions. The detailed answers are included as pull-outs to this product.", "price": "6.99", "image_url": "https://i.ibb.co/HN3nRmz/ks2-maths.png", "image": "ks2-maths.png"}}, {"model": "products.product", "pk": 6, "fields": {"category": 2, "name": "KS2 English Workbook", "description": "Ideal for preparation in the run-up to the KS2 English SATs and state secondary school entrance exams for English. This book contains a huge range of questions at the level of the final tests. The book is divided into three sections. The first section focuses on training the child to have the correct mindset to help them gain confidence. The second section delves into the detail of each topic and provides examples as well as many questions to test their understanding. The third section consists of realistic assessment tests to improve their speed and accuracy across a wide range of questions. The detailed answers are included as pull-outs to this product.", "price": "6.99", "image_url": "https://i.ibb.co/RphX5D9/ks2-english.png", "image": "ks2-english.png"}}, {"model": "products.product", "pk": 7, "fields": {"category": 3, "name": "GCSE Biology Workbook", "description": "Ideal for preparation in the run-up to the GCSE Biology exams and coursework. Covers content from different exam boards. This book contains a huge range of questions at the level of the GCSE examinations. The book is divided into three sections. The first section focuses on training the student to have the correct mindset and study habits to help them gain confidence. The second section delves into the detail of each topic and provides examples as well as many questions to test their understanding. The third section consists of realistic assessment tests to improve their speed and accuracy across a wide range of questions. The detailed answers are included as pull-outs to this product.", "price": "9.99", "image_url": "https://i.ibb.co/wzG2ZK8/gcse-biology.png", "image": "gcse-biology.png"}}, {"model": "products.product", "pk": 8, "fields": {"category": 3, "name": "GCSE Business Studies Workbook", "description": "Ideal for preparation in the run-up to the GCSE Business Studies exams and coursework. Covers content from different exam boards. This book contains a huge range of questions at the level of the GCSE examinations. The book is divided into three sections. The first section focuses on training the student to have the correct mindset and study habits to help them gain confidence. The second section delves into the detail of each topic and provides examples as well as many questions to test their understanding. The third section consists of realistic assessment tests to improve their speed and accuracy across a wide range of questions. The detailed answers are included as pull-outs to this product.", "price": "9.99", "image_url": "https://i.ibb.co/ZHH0dkQ/gcse-business.png", "image": "gcse-business.png"}}, {"model": "products.product", "pk": 9, "fields": {"category": 3, "name": "GCSE Chemistry Workbook", "description": "Ideal for preparation in the run-up to the GCSE Chemistry exams and coursework. Covers content from different exam boards. This book contains a huge range of questions at the level of the GCSE examinations. The book is divided into three sections. The first section focuses on training the student to have the correct mindset and study habits to help them gain confidence. The second section delves into the detail of each topic and provides examples as well as many questions to test their understanding. The third section consists of realistic assessment tests to improve their speed and accuracy across a wide range of questions. The detailed answers are included as pull-outs to this product.", "price": "9.99", "image_url": "https://i.ibb.co/yYkMVV0/gcse-chemistry.png", "image": "gcse-chemistry.png"}}, {"model": "products.product", "pk": 10, "fields": {"category": 3, "name": "GCSE Computer Science Workbook", "description": "Ideal for preparation in the run-up to the GCSE Computer Science exams and coursework. Covers content from different exam boards. This book contains a huge range of questions at the level of the GCSE examinations. The book is divided into three sections. The first section focuses on training the student to have the correct mindset and study habits to help them gain confidence. The second section delves into the detail of each topic and provides examples as well as many questions to test their understanding. The third section consists of realistic assessment tests to improve their speed and accuracy across a wide range of questions. The detailed answers are included as pull-outs to this product.", "price": "9.99", "image_url": "https://i.ibb.co/P67zQwz/gcse-comp-sci.png", "image": "gcse-comp-sci.png"}}, {"model": "products.product", "pk": 11, "fields": {"category": 3, "name": "GCSE Economics Workbook", "description": "Ideal for preparation in the run-up to the GCSE Economics exams and coursework. Covers content from different exam boards. This book contains a huge range of questions at the level of the GCSE examinations. The book is divided into three sections. The first section focuses on training the student to have the correct mindset and study habits to help them gain confidence. The second section delves into the detail of each topic and provides examples as well as many questions to test their understanding. The third section consists of realistic assessment tests to improve their speed and accuracy across a wide range of questions. The detailed answers are included as pull-outs to this product.", "price": "9.99", "image_url": "https://i.ibb.co/V9zp4H2/gcse-economics.png", "image": "gcse-economics.png"}}, {"model": "products.product", "pk": 12, "fields": {"category": 3, "name": "GCSE French Workbook", "description": "Ideal for preparation in the run-up to the GCSE French exams and coursework. Covers content from different exam boards. This book contains a huge range of questions at the level of the GCSE examinations. The book is divided into three sections. The first section focuses on training the student to have the correct mindset and study habits to help them gain confidence. The second section delves into the detail of each topic and provides examples as well as many questions to test their understanding. The third section consists of realistic assessment tests to improve their speed and accuracy across a wide range of questions. The detailed answers are included as pull-outs to this product.", "price": "9.99", "image_url": "https://i.ibb.co/6svz96j/gcse-french.png", "image": "gcse-french.png"}}, {"model": "products.product", "pk": 13, "fields": {"category": 3, "name": "GCSE Mathematics Workbook", "description": "Ideal for preparation in the run-up to the GCSE Maths exams and coursework. Covers content from different exam boards. This book contains a huge range of questions at the level of the GCSE examinations. The book is divided into three sections. The first section focuses on training the student to have the correct mindset and study habits to help them gain confidence. The second section delves into the detail of each topic and provides examples as well as many questions to test their understanding. The third section consists of realistic assessment tests to improve their speed and accuracy across a wide range of questions. The detailed answers are included as pull-outs to this product.", "price": "9.99", "image_url": "https://i.ibb.co/4gjgStF/gcse-maths.png", "image": "gcse-maths.png"}}, {"model": "products.product", "pk": 14, "fields": {"category": 3, "name": "GCSE Spanish Workbook", "description": "Ideal for preparation in the run-up to the GCSE Spanish exams and coursework. Covers content from different exam boards. This book contains a huge range of questions at the level of the GCSE examinations. The book is divided into three sections. The first section focuses on training the student to have the correct mindset and study habits to help them gain confidence. The second section delves into the detail of each topic and provides examples as well as many questions to test their understanding. The third section consists of realistic assessment tests to improve their speed and accuracy across a wide range of questions. The detailed answers are included as pull-outs to this product.", "price": "9.99", "image_url": "https://i.ibb.co/6WmrF3V/gcse-spanish.png", "image": "gcse-spanish.png"}}, {"model": "products.product", "pk": 15, "fields": {"category": 3, "name": "GCSE Physics Workbook", "description": "Ideal for preparation in the run-up to the GCSE Physics exams and coursework. Covers content from different exam boards. This book contains a huge range of questions at the level of the GCSE examinations. The book is divided into three sections. The first section focuses on training the student to have the correct mindset and study habits to help them gain confidence. The second section delves into the detail of each topic and provides examples as well as many questions to test their understanding. The third section consists of realistic assessment tests to improve their speed and accuracy across a wide range of questions. The detailed answers are included as pull-outs to this product.", "price": "9.99", "image_url": "https://i.ibb.co/1Qgdr3C/gcse-physics.png", "image": "gcse-physics.png"}}, {"model": "products.product", "pk": 16, "fields": {"category": 4, "name": "A-Level Biology Workbook", "description": "Ideal for preparation in the run-up to the A-Level Biology exams and coursework. Covers content from different exam boards. This book contains a huge range of questions at the level of the A-Level examinations. The book is divided into three sections. The first section focuses on training the student to have the correct mindset and study habits to help them gain confidence. The second section delves into the detail of each topic and provides examples as well as many questions to test their understanding. The third section consists of realistic assessment tests to improve their speed and accuracy across a wide range of questions. The detailed answers are included as pull-outs to this product.", "price": "12.99", "image_url": "https://i.ibb.co/sC6MFtf/alevel-biology.png", "image": "alevel-biology.png"}}, {"model": "products.product", "pk": 17, "fields": {"category": 4, "name": "A-Level Business Studies Workbook", "description": "Ideal for preparation in the run-up to the A-Level Business Studies exams and coursework. Covers content from different exam boards. This book contains a huge range of questions at the level of the A-Level examinations. The book is divided into three sections. The first section focuses on training the student to have the correct mindset and study habits to help them gain confidence. The second section delves into the detail of each topic and provides examples as well as many questions to test their understanding. The third section consists of realistic assessment tests to improve their speed and accuracy across a wide range of questions. The detailed answers are included as pull-outs to this product.", "price": "12.99", "image_url": "https://i.ibb.co/2FcKXYP/alevel-business.png", "image": "alevel-business.png"}}, {"model": "products.product", "pk": 18, "fields": {"category": 4, "name": "A-Level Chemistry Workbook", "description": "Ideal for preparation in the run-up to the A-Level Chemistry exams and coursework. Covers content from different exam boards. This book contains a huge range of questions at the level of the A-Level examinations. The book is divided into three sections. The first section focuses on training the student to have the correct mindset and study habits to help them gain confidence. The second section delves into the detail of each topic and provides examples as well as many questions to test their understanding. The third section consists of realistic assessment tests to improve their speed and accuracy across a wide range of questions. The detailed answers are included as pull-outs to this product.", "price": "12.99", "image_url": "https://i.ibb.co/7tG7YV0/alevel-chemistry.png", "image": "alevel-chemistry.png"}}, {"model": "products.product", "pk": 19, "fields": {"category": 4, "name": "A-Level Computer Science Workbook", "description": "Ideal for preparation in the run-up to the A-Level Computer Science exams and coursework. Covers content from different exam boards. This book contains a huge range of questions at the level of the A-Level examinations. The book is divided into three sections. The first section focuses on training the student to have the correct mindset and study habits to help them gain confidence. The second section delves into the detail of each topic and provides examples as well as many questions to test their understanding. The third section consists of realistic assessment tests to improve their speed and accuracy across a wide range of questions. The detailed answers are included as pull-outs to this product.", "price": "12.99", "image_url": "https://i.ibb.co/rfHbWWN/alevel-comp-sci.png", "image": "alevel-comp-sci.png"}}, {"model": "products.product", "pk": 20, "fields": {"category": 4, "name": "A-Level Economics Workbook", "description": "Ideal for preparation in the run-up to the A-Level Economics exams and coursework. Covers content from different exam boards. This book contains a huge range of questions at the level of the A-Level examinations. The book is divided into three sections. The first section focuses on training the student to have the correct mindset and study habits to help them gain confidence. The second section delves into the detail of each topic and provides examples as well as many questions to test their understanding. The third section consists of realistic assessment tests to improve their speed and accuracy across a wide range of questions. The detailed answers are included as pull-outs to this product.", "price": "12.99", "image_url": "https://i.ibb.co/zbkrmjc/alevel-economics.png", "image": "alevel-economics.png"}}, {"model": "products.product", "pk": 21, "fields": {"category": 4, "name": "A-Level French Workbook", "description": "Ideal for preparation in the run-up to the A-Level French exams and coursework. Covers content from different exam boards. This book contains a huge range of questions at the level of the A-Level examinations. The book is divided into three sections. The first section focuses on training the student to have the correct mindset and study habits to help them gain confidence. The second section delves into the detail of each topic and provides examples as well as many questions to test their understanding. The third section consists of realistic assessment tests to improve their speed and accuracy across a wide range of questions. The detailed answers are included as pull-outs to this product.", "price": "12.99", "image_url": "https://i.ibb.co/nQbgxs9/alevel-french.png", "image": "alevel-french.png"}}, {"model": "products.product", "pk": 22, "fields": {"category": 4, "name": "A-Level Mathematics Workbook", "description": "Ideal for preparation in the run-up to the A-Level Maths exams and coursework. Covers content from different exam boards. This book contains a huge range of questions at the level of the A-Level examinations. The book is divided into three sections. The first section focuses on training the student to have the correct mindset and study habits to help them gain confidence. The second section delves into the detail of each topic and provides examples as well as many questions to test their understanding. The third section consists of realistic assessment tests to improve their speed and accuracy across a wide range of questions. The detailed answers are included as pull-outs to this product.", "price": "12.99", "image_url": "https://i.ibb.co/3Rqd7HK/alevel-maths.png", "image": "alevel-maths.png"}}, {"model": "products.product", "pk": 23, "fields": {"category": 4, "name": "A-Level Physics Workbook", "description": "Ideal for preparation in the run-up to the A-Level Physics exams and coursework. Covers content from different exam boards. This book contains a huge range of questions at the level of the A-Level examinations. The book is divided into three sections. The first section focuses on training the student to have the correct mindset and study habits to help them gain confidence. The second section delves into the detail of each topic and provides examples as well as many questions to test their understanding. The third section consists of realistic assessment tests to improve their speed and accuracy across a wide range of questions. The detailed answers are included as pull-outs to this product.", "price": "12.99", "image_url": "https://i.ibb.co/c6Nh6w7/alevel-physics.png", "image": "alevel-physics.png"}}, {"model": "products.product", "pk": 24, "fields": {"category": 4, "name": "A-Level Spanish Workbook", "description": "Ideal for preparation in the run-up to the A-Level Spanish exams and coursework. Covers content from different exam boards. This book contains a huge range of questions at the level of the A-Level examinations. The book is divided into three sections. The first section focuses on training the student to have the correct mindset and study habits to help them gain confidence. The second section delves into the detail of each topic and provides examples as well as many questions to test their understanding. The third section consists of realistic assessment tests to improve their speed and accuracy across a wide range of questions. The detailed answers are included as pull-outs to this product.", "price": "12.99", "image_url": "https://i.ibb.co/0qKcQFX/alevel-spanish.png", "image": "alevel-spanish.png"}}, {"model": "products.product", "pk": 25, "fields": {"category": 5, "name": "A4 Grid Notebook", "description": "This notebook provides 80 sheets of 80gsm A4 paper. Pages contain 5mm square perfect for mathematical equations, graphs, charts and scientific equations. Have a better experience drawing graphs with the faint aided lines for cleanliness and better clarity in drawing and viewing trends.", "price": "2.99", "image_url": "https://i.ibb.co/fpK8MPW/a4grid.png", "image": "a4grid.png"}}, {"model": "products.product", "pk": 26, "fields": {"category": 5, "name": "Document Holders (5-Pack)", "description": "This multi-coloured 5-pack is not only aesthetically appealing with its minimalistic design but also functions even better. It protects your documents from any sudden spills or if carried in the rain. Stay on top of your organisation (and for the visual learners: your colour-coordination) game with these products!", "price": "2.99", "image_url": "https://i.ibb.co/QX29W57/a4-doc-folders.png", "image": "a4-doc-folders.png"}}, {"model": "products.product", "pk": 27, "fields": {"category": 5, "name": "A4 Clipboard", "description": "Do you do any site work or attend countless meetings or extra classes and need to carry and contain documents together in a professional manner? If so, this the product for you! The leather covering allows it to be waterproof in the event of rain or snow and incase any liquid is spilled over. As long as your clipboard remains closed, this product protects your documents with a professional aesthetic.", "price": "2.99", "image_url": "https://i.ibb.co/pXY0WcL/a4-clipboard.png", "image": "a4-clipboard.png"}}, {"model": "products.product", "pk": 28, "fields": {"category": 5, "name": "StudyHaven Maths Geometry Set", "description": "A full maths set with a 180° protractor, two set squares, a 15cm ruler, two compasses, a 9cm pencil, a pencil sharpener, an eraser and a 10mm stencil. Guaranteed to be of use to your maths and science studies.", "price": "3.49", "image_url": "https://i.ibb.co/qNDTTg7/mathset.png", "image": "mathset.png"}}, {"model": "products.product", "pk": 29, "fields": {"category": 5, "name": "HB Pencil Set (12-Pack)", "description": "The best quality pencils to allow you to draw and write pages for your studies before it requires resharpening. The handwriting also rub out easily with an eraser.", "price": "4.99", "image_url": "https://i.ibb.co/bvZGmLZ/pencil-pack.png", "image": "pencil-pack.png"}}, {"model": "products.product", "pk": 30, "fields": {"category": 5, "name": "Highlighter Set (4-Pack)", "description": "Orange, pink, green and yellow pens in a wallet. Their wedge tips useful to draw broad lines, highlights and underlines. Distinctive flat barrel design to stop the pen from rolling away. Anti-Dry-Out 4 hour cap off time. Sold and priced per pack of 4 pens", "price": "2.49", "image_url": "https://i.ibb.co/mSZxFMH/highlighters.png", "image": "highlighters.png"}}, {"model": "products.product", "pk": 31, "fields": {"category": 5, "name": "Black Pen Set (32-Pack)", "description": "Perfect spherical medium tip (1.0mm), fine quality (0.4mm line width) black biro pens. No smudging and smooth writing. Quick drying and very resistant if in contact with liquid - simply pat dry and scribble on a scrap sheet of paper if necessary then continue your note-taking.", "price": "8.49", "image_url": "https://i.ibb.co/5MJpgQG/black-pen-pack.png", "image": "black-pen-pack.png"}}, {"model": "products.product", "pk": 32, "fields": {"category": 5, "name": "A4 Plastic Wallet Sleeves", "description": "300 x A4 clear plastic wallets, hole punched to also make it suitable for putting in folders. These wallet sleeves are well fitted and resistant to easy tear.", "price": "7.95", "image_url": "https://i.ibb.co/2sKccZx/a4-wallets.png", "image": "a4-wallets.png"}}, {"model": "products.product", "pk": 33, "fields": {"category": 5, "name": "A4 Ruled Notebook", "description": "Standard A4 ruled refill notebook/pad for general note-taking. Contains 160 pages, 70 GSM, feint line paper.", "price": "2.99", "image_url": "https://i.ibb.co/RDm96bN/a4ruled.png", "image": "a4ruled.png"}}, {"model": "products.product", "pk": 34, "fields": {"category": 5, "name": "A4 Plastic Folders (4-Pack)", "description": "Can contain up to 150 sheets of A4 paper. Its press stud closure feature helps keep contents secure. Waterproof due to the durable polypropylene. Transparency provides easy viewing of contents.", "price": "2.65", "image_url": "https://i.ibb.co/HnkGyGt/a4-plastic-folders.png", "image": "a4-plastic-folders.png"}}, {"model": "products.product", "pk": 35, "fields": {"category": 5, "name": "A4 Level Arch Files", "description": "A great solution for when your notes, files, documents or papers need more room than an ordinary A4 folder. Made from recycled material and is also recyclable upon disposal. Organised and modern appearance given with its colour and structure. Add section dividers to make this a solid filing system for any or your study notes, homework or coursework. Measurements are 315 x 288 x 70mm.", "price": "5.95", "image_url": "https://i.ibb.co/4t6ZNwq/a4-hard-folders.png", "image": "a4-hard-folders.png"}}, {"model": "products.product", "pk": 36, "fields": {"category": 5, "name": "A4 Weekly Planner", "description": "Our StudyHaven weekly planner is perfect: a calendar for your appointments, homework or deadlines and a notebook for your ideas, thoughts and to-do lists. It combines our favourite everyday items – in an effective and efficient way to offer maximum potential with more structure.", "price": "11.99", "image_url": "https://i.ibb.co/kGjD7Bw/a4planner.png", "image": "a4planner.png"}}, {"model": "products.product", "pk": 37, "fields": {"category": 5, "name": "A4 Plain Notebook", "description": "Perfect refill pad for any student as this product gives customers the opportuntity to express themselves and be creative with their note-taking. Despite StudyHaven specialising in STEM subjects, this product is very versatile in other subjects and hobbies due to its minimalism.", "price": "2.99", "image_url": "https://i.ibb.co/RcCpTsw/a4plain.png", "image": "a4plain.png"}}, {"model": "profiles.userprofile", "pk": 1, "fields": {"user": 1, "default_full_name": "testy", "default_email_address": "jess.erhabor@gmail.com", "default_phone_number": "01234567890", "default_country": "GB", "default_address_line1": "wfeaew", "default_address_line2": "tester line 2", "default_city_or_town": "ewga", "default_postcode": "dvsfdg"}}, {"model": "profiles.userprofile", "pk": 2, "fields": {"user": 2, "default_full_name": "", "default_email_address": "", "default_phone_number": "", "default_country": null, "default_address_line1": "", "default_address_line2": "", "default_city_or_town": "", "default_postcode": ""}}, {"model": "profiles.userprofile", "pk": 3, "fields": {"user": 3, "default_full_name": "", "default_email_address": "", "default_phone_number": "", "default_country": null, "default_address_line1": "", "default_address_line2": "", "default_city_or_town": "", "default_postcode": ""}}]